-- ============================================================
-- Dizionario dialettale - Import SQL
-- Generato il: 17/04/2026
-- File sorgente: AA_01032026 (442 voci) + BB_01032026 (790 voci)
-- Totale righe: 1232
-- ============================================================

-- Imposta encoding UTF-8
SET NAMES 'utf8mb4';
SET CHARACTER SET utf8mb4;

-- ------------------------------------------------------------
-- 1. TABELLE DI LOOKUP
-- ------------------------------------------------------------

CREATE TABLE IF NOT EXISTS categorie_grammaticali (
    cat         VARCHAR(8)   NOT NULL,
    descrizione VARCHAR(60)  NOT NULL,
    PRIMARY KEY (cat)
) ENGINE=InnoDB DEFAULT CHARSET=utf8mb4 COLLATE=utf8mb4_unicode_ci;

INSERT INTO categorie_grammaticali (cat, descrizione) VALUES
    ('agg', 'aggettivo'),
    ('avv', 'avverbio'),
    ('cong', 'congiunzione'),
    ('es', 'esempio/espressione'),
    ('escl', 'esclamazione'),
    ('loc', 'locuzione'),
    ('np', 'nome proprio'),
    ('prep', 'preposizione'),
    ('sf', 'sostantivo femminile'),
    ('sfpl', 'sostantivo femminile plurale'),
    ('sm', 'sostantivo maschile'),
    ('smpl', 'sostantivo maschile plurale'),
    ('vb', 'verbo');

CREATE TABLE IF NOT EXISTS tipi_voce (
    tipo        VARCHAR(20)  NOT NULL,
    descrizione VARCHAR(80)  NOT NULL,
    PRIMARY KEY (tipo)
) ENGINE=InnoDB DEFAULT CHARSET=utf8mb4 COLLATE=utf8mb4_unicode_ci;

INSERT INTO tipi_voce (tipo, descrizione) VALUES
    ('lemma', 'Voce principale del dizionario'),
    ('lemma_variant', 'Lemma con doppia forma grafica'),
    ('locuzione', 'Espressione o locuzione idiomatica');

-- ------------------------------------------------------------
-- 2. TABELLA PRINCIPALE: voci_dizionario
-- ------------------------------------------------------------

CREATE TABLE IF NOT EXISTS voci_dizionario (
    id          INT UNSIGNED     NOT NULL AUTO_INCREMENT,
    num         SMALLINT UNSIGNED NOT NULL  COMMENT 'Numero progressivo nel file sorgente',
    tipo        VARCHAR(20)       NOT NULL  COMMENT 'lemma | locuzione | lemma_variant',
    voce        VARCHAR(120)      NOT NULL  COMMENT 'Termine dialettale',
    cat         VARCHAR(8)        NOT NULL  COMMENT 'Categoria grammaticale',
    italiano    TEXT              NOT NULL  COMMENT 'Traduzione/equivalente italiano',
    et_audio    VARCHAR(120)      NOT NULL  COMMENT 'Etichetta file audio (senza estensione)',
    sorgente    VARCHAR(20)       NOT NULL  COMMENT 'File di origine: AA_01032026 | BB_01032026',
    PRIMARY KEY (id),
    INDEX idx_voce      (voce),
    INDEX idx_cat       (cat),
    INDEX idx_tipo      (tipo),
    INDEX idx_sorgente  (sorgente),
    INDEX idx_num_sorg  (num, sorgente),
    CONSTRAINT fk_cat  FOREIGN KEY (cat)  REFERENCES categorie_grammaticali(cat),
    CONSTRAINT fk_tipo FOREIGN KEY (tipo) REFERENCES tipi_voce(tipo)
) ENGINE=InnoDB DEFAULT CHARSET=utf8mb4 COLLATE=utf8mb4_unicode_ci
  COMMENT='Dizionario dialettale - voci AA e BB';

-- ------------------------------------------------------------
-- 3. INSERT: file AA_01032026 (442 righe)
-- ------------------------------------------------------------

INSERT INTO voci_dizionario (num, tipo, voce, cat, italiano, et_audio, sorgente) VALUES
    (1, 'lemma', 'a', 'prep', 'a', 'a', 'AA_01032026'),
    (2, 'lemma', 'abadàr', 'vb', 'badare, dar retta, dare ascolto, custodire, aver cura', 'abadar', 'AA_01032026'),
    (3, 'lemma', 'abate', 'sm', 'abate, seminarista', 'abate', 'AA_01032026'),
    (4, 'lemma', 'abazìa', 'sf', 'abbazia, convento', 'abazia', 'AA_01032026'),
    (5, 'lemma', 'abelimént', 'sm', 'abbellimento, decorazione, ornamento', 'abeliment', 'AA_01032026'),
    (6, 'lemma', 'abelìr', 'vb', 'abbellire, ornare, decorare', 'abelir', 'AA_01032026'),
    (7, 'lemma', 'abilitazión', 'sf', 'abilitazione', 'abilitazion', 'AA_01032026'),
    (8, 'lemma', 'abìs', 'sm', 'abisso, baratro', 'abis', 'AA_01032026'),
    (9, 'lemma', 'abit', 'sm', 'abito, vestito', 'abit', 'AA_01032026'),
    (10, 'lemma', 'abitàr', 'vb', 'abitare, risiedere', 'abitar', 'AA_01032026'),
    (11, 'lemma', 'abitazión', 'sf', 'abitazione, alloggio', 'abitazion', 'AA_01032026'),
    (12, 'lemma', 'abituà', 'agg', 'abituato, assuefatto, avvezzo', 'abitua', 'AA_01032026'),
    (13, 'lemma', 'abituàr', 'vb', 'abituare, avvezzare', 'abituar', 'AA_01032026'),
    (14, 'lemma', 'abocamént', 'sm', 'abboccamento, colloquio', 'abocament', 'AA_01032026'),
    (15, 'lemma', 'abocàr', 'vb', 'abboccare', 'abocar', 'AA_01032026'),
    (16, 'lemma', 'abolì', 'agg', 'abolito', 'aboli', 'AA_01032026'),
    (17, 'lemma', 'abolìr', 'vb', 'abolire', 'abolir', 'AA_01032026'),
    (18, 'lemma', 'abonamént', 'sm', 'abbonamento', 'abonament', 'AA_01032026'),
    (19, 'lemma', 'abondanza', 'sf', 'abbondanza', 'abondanza', 'AA_01032026'),
    (20, 'lemma', 'abozàr', 'vb', 'abbozzare - anche: sbozàr', 'abozar', 'AA_01032026'),
    (21, 'lemma', 'abràz', 'sm', 'abbraccio, effusione, stretta', 'abraz', 'AA_01032026'),
    (22, 'lemma', 'abrazàr', 'vb', 'abbracciare, contenere, cingere, imbracciare - anche: embrazar', 'abrazar', 'AA_01032026'),
    (23, 'lemma', 'àca', 'sf', 'acca (lettere dell''alfabeto)', 'aca', 'AA_01032026'),
    (24, 'lemma', 'acadér', 'vb', 'accadere, capitare', 'acader', 'AA_01032026'),
    (25, 'lemma', 'acadù', 'sm', 'accaduto, evento, avvenimento, fatto, circostanza; anche: acadèst', 'acadu', 'AA_01032026'),
    (26, 'lemma', 'acàza', 'sf', 'acacia, robinia - anche: acàz', 'acaza', 'AA_01032026'),
    (27, 'lemma', 'acecàr', 'vb', 'accecare', 'acecar', 'AA_01032026'),
    (28, 'lemma', 'acèt', 'sm', 'accoglienza, benvenuto - anche: acèto', 'acet', 'AA_01032026'),
    (29, 'locuzione', 'acèt (far en bon –)', 'loc', 'fare buona accoglienza', 'acet (far en bon –)', 'AA_01032026'),
    (30, 'lemma', 'acetazión', 'sf', 'accettazione', 'acetazion', 'AA_01032026'),
    (31, 'lemma', 'acèto', 'sm', 'accoglienza, benvenuto - anche: acèt', 'aceto', 'AA_01032026'),
    (32, 'lemma', 'àcherle', 'sm', 'uncinetto per lavorare i pizzi', 'acherle', 'AA_01032026'),
    (33, 'lemma', 'acoliènza', 'sf', 'accoglienza, ospitalità', 'acolienza', 'AA_01032026'),
    (34, 'lemma', 'acónt', 'sm', 'acconto, caparra, anticipo', 'acont', 'AA_01032026'),
    (35, 'lemma', 'acórer', 'vb', 'accorrere, affrettarsi', 'acorer', 'AA_01032026'),
    (36, 'lemma', 'acòrżer', 'vb', 'accorgere, scorgere, capire, notare - anche: nascòrzer', 'acorzer', 'AA_01032026'),
    (37, 'lemma', 'acòrżerse', 'vb', 'accorgersi, vedere, intuire, notare - anche: nascòrzerse', 'acorzerse', 'AA_01032026'),
    (38, 'lemma', 'acuṡàr', 'vb', 'accusare, incolpare, querelare', 'acusar', 'AA_01032026'),
    (39, 'lemma', 'acuṡo', 'sm', 'accusata al gioco; (es.: l''accuso nel gioco delle carte)', 'acuso', 'AA_01032026'),
    (40, 'lemma', 'adaṡi', 'avv', 'adagio, con calma, prudentemente', 'adasi', 'AA_01032026'),
    (41, 'lemma', 'adaṡiòt', 'avv', 'adagino, piano piano, con calma, con cutela', 'adasiot', 'AA_01032026'),
    (42, 'lemma', 'adàt', 'agg', 'adatto, opportuno', 'adat', 'AA_01032026'),
    (43, 'lemma', 'adatàr', 'vb', 'adattare, adeguare, modificare', 'adatar', 'AA_01032026'),
    (44, 'lemma', 'adebitàr', 'vb', 'addebitare, attribuire, detrarre', 'adebitar', 'AA_01032026'),
    (45, 'lemma', 'adés', 'avv', 'adesso, ora, subito', 'ades', 'AA_01032026'),
    (46, 'lemma', 'Àdes', 'np', 'Adige (fiume)', 'ades', 'AA_01032026'),
    (47, 'lemma', 'adét', 'agg', 'addetto, incaricato, delegato', 'adet', 'AA_01032026'),
    (48, 'lemma', 'adìo', 'sm', 'addio', 'adio', 'AA_01032026'),
    (49, 'lemma', 'adorazión', 'sf', 'adorazione, culto', 'adorazion', 'AA_01032026'),
    (50, 'lemma', 'adòs', 'avv', 'addosso, indosso, troppo vicino', 'ados', 'AA_01032026'),
    (51, 'lemma', 'adotàr', 'vb', 'adottare, affiliare, accogliere', 'adotar', 'AA_01032026'),
    (52, 'lemma', 'adré adré', 'loc', 'a mano a mano', 'adre adre', 'AA_01032026'),
    (53, 'lemma', 'adulàr', 'vb', 'adulare', 'adular', 'AA_01032026'),
    (54, 'lemma', 'adulazión', 'sf', 'adulazione', 'adulazion', 'AA_01032026'),
    (55, 'lemma', 'adultèri', 'sm', 'adulterio, infedeltà', 'adulteri', 'AA_01032026'),
    (56, 'lemma', 'af', 'sf', 'ape', 'af', 'AA_01032026'),
    (57, 'locuzione', 'af (bus de –)', 'loc', 'alveare', 'af (bus de –)', 'AA_01032026'),
    (58, 'lemma', 'afabil', 'agg', 'affabile - anche: afàbile', 'afabil', 'AA_01032026'),
    (59, 'lemma', 'afàn', 'sm', 'affanno, dolore, tormento', 'afan', 'AA_01032026'),
    (60, 'lemma', 'afanàr', 'vb', 'affannare, preoccupare, agitare', 'afanar', 'AA_01032026'),
    (61, 'lemma', 'afàr', 'sm', 'affare, faccenda, oggetto, cosa', 'afar', 'AA_01032026'),
    (62, 'lemma', 'afaròt', 'sm', 'affaruccio, affaretto', 'afarot', 'AA_01032026'),
    (63, 'lemma', 'afasinàr', 'vb', 'affascinare, allettare, stregare', 'afasinar', 'AA_01032026'),
    (64, 'lemma', 'afàt', 'avv', 'gratis, per niente - anche: gratis', 'afat', 'AA_01032026'),
    (65, 'lemma', 'afazàr', 'vb', 'affacciare, mostrare, sporgere', 'afazar', 'AA_01032026'),
    (66, 'lemma', 'afazarse', 'vb', 'affacciarsi, mostrarsi, sporgersi', 'afazarse', 'AA_01032026'),
    (67, 'lemma', 'afèt', 'sm', 'affetto', 'afet', 'AA_01032026'),
    (68, 'lemma', 'afetàr', 'vb', 'affettare, tagliare a fette', 'afetar', 'AA_01032026'),
    (69, 'lemma', 'afetuós', 'agg', 'affettuoso', 'afetuos', 'AA_01032026'),
    (70, 'lemma', 'afezión', 'sf', 'affezione, sentimento', 'afezion', 'AA_01032026'),
    (71, 'lemma', 'aflìt', 'agg', 'afflitto', 'aflit', 'AA_01032026'),
    (72, 'lemma', 'aflizión', 'sf', 'afflizione, cruccio, angustia', 'aflizion', 'AA_01032026'),
    (73, 'lemma', 'afolamént', 'sm', 'affollamento', 'afolament', 'AA_01032026'),
    (74, 'lemma', 'africàn', 'agg', 'africano', 'african', 'AA_01032026'),
    (75, 'lemma', 'afrónt', 'sm', 'affronto, offesa, sgarbo', 'afront', 'AA_01032026'),
    (76, 'lemma', 'agìr', 'vb', 'agire, darsi da fare, ingegnarsi', 'agir', 'AA_01032026'),
    (77, 'lemma', 'agità', 'agg', 'agitato, ansioso', 'agita', 'AA_01032026'),
    (78, 'lemma', 'agitamént', 'sm', 'agitazione, movimento, rimescolamento', 'agitament', 'AA_01032026'),
    (79, 'lemma', 'agitazión', 'sf', 'agitazione, inquietudine, eccitazione', 'agitazion', 'AA_01032026'),
    (80, 'lemma', 'agiunger', 'vb', 'aggiungere - anche: żontar', 'agiunger', 'AA_01032026'),
    (81, 'lemma', 'agnèl', 'sm', 'agnello', 'agnel', 'AA_01032026'),
    (82, 'lemma', 'agnelòt', 'sm', 'agnellino', 'agnelot', 'AA_01032026'),
    (83, 'lemma', 'àgola', 'sf', 'aquila', 'agola', 'AA_01032026'),
    (84, 'lemma', 'agolàz', 'sm', 'astore (uccello rapace)', 'agolaz', 'AA_01032026'),
    (85, 'lemma', 'agolìn', 'sm', 'falco, cuculo, gheppio', 'agolin', 'AA_01032026'),
    (86, 'lemma', 'agoniżàr', 'vb', 'agonizzare', 'agonizar', 'AA_01032026'),
    (87, 'lemma', 'agóst', 'sm', 'agosto', 'agost', 'AA_01032026'),
    (88, 'locuzione', 'agra (la è -)', 'es', 'è dura, è triste', 'agra (la e -)', 'AA_01032026'),
    (89, 'lemma', 'agràm', 'sm', 'gramigna; anche: gràm; gramegna', 'agram', 'AA_01032026'),
    (90, 'lemma', 'agratis', 'avv', 'gratis, per niente - anche: gratis', 'agratis', 'AA_01032026'),
    (91, 'lemma', 'agravàr', 'vb', 'aggravare, accentuare', 'agravar', 'AA_01032026'),
    (92, 'lemma', 'agravarse', 'vb', 'aggravarsi, accrescere', 'agravarse', 'AA_01032026'),
    (93, 'lemma', 'agravi', 'sm', 'aggravio, aggiunta, peso, in più', 'agravi', 'AA_01032026'),
    (94, 'lemma', 'agredìr', 'vb', 'aggredire', 'agredir', 'AA_01032026'),
    (95, 'lemma', 'agresión', 'sf', 'aggressione, assalto, scippo', 'agresion', 'AA_01032026'),
    (96, 'lemma', 'agresór', 'sm', 'aggressore, assalitore', 'agresor', 'AA_01032026'),
    (97, 'lemma', 'agro', 'agg', '1. agro, acidulo, acerbo; 2. stanco, annoiato', 'agro', 'AA_01032026'),
    (98, 'locuzione', 'agro e stomegà', 'loc', 'arcistufa, più che stufa, nauseata', 'agro e stomega', 'AA_01032026'),
    (99, 'lemma', 'agrodólz', 'agg', 'agrodolce', 'agrodolz', 'AA_01032026'),
    (100, 'lemma', 'aguana', 'sf', 'strega, maga', 'aguana', 'AA_01032026'),
    (101, 'lemma', 'aguèi', 'sm', 'ago, pungiglione - anche: aguèl', 'aguei', 'AA_01032026'),
    (102, 'lemma', 'aì', 'avv', 'sì', 'ai', 'AA_01032026'),
    (103, 'lemma', 'ài', 'sm', 'aglio', 'ai', 'AA_01032026'),
    (104, 'locuzione', 'ài (na costa de –)', 'loc', 'uno spicchio di aglio', 'ai (na costa de –)', 'AA_01032026'),
    (105, 'lemma', 'àida', 'sm', 'aiuto', 'aida', 'AA_01032026'),
    (106, 'lemma', 'aidàr', 'vb', 'aiutare', 'aidar', 'AA_01032026'),
    (107, 'lemma', 'aìdeme valà', 'es', 'aiutami orsù, aiutami ti prego', 'aideme vala', 'AA_01032026'),
    (108, 'lemma', 'aiéri', 'avv', 'ieri - anche: algeri', 'aieri', 'AA_01032026'),
    (109, 'lemma', 'aiòle', 'sfpl', 'aiuòle', 'aiole', 'AA_01032026'),
    (110, 'lemma', 'aisbèrg', 'sm', 'iceberg', 'aisberg', 'AA_01032026'),
    (111, 'lemma', 'aiùt', 'sm', 'aiuto', 'aiut', 'AA_01032026'),
    (112, 'lemma', 'aiutàr', 'vb', 'aiutare', 'aiutar', 'AA_01032026'),
    (113, 'lemma', 'aizimpóner', 'sm', 'operaio che andava a far lavori ferroviari - anche: aisenpóner', 'aizimponer', 'AA_01032026'),
    (114, 'lemma', 'ala', 'sf', '1. ala degli uccelli; 2. tesa del cappello', 'ala', 'AA_01032026'),
    (115, 'lemma', 'alber', 'sm', 'albero', 'alber', 'AA_01032026'),
    (116, 'lemma', 'àlbera', 'sf', 'pioppo - anche: àrbola', 'albera', 'AA_01032026'),
    (117, 'lemma', 'albeżàr', 'vb', 'albeggiare, spuntar dell''alba', 'albezar', 'AA_01032026'),
    (118, 'lemma', 'albi (sm)', 'sm', 'truogolo dove mangiano e bevono i maiali', 'albi (sm)', 'AA_01032026'),
    (119, 'lemma', 'àlbitro', 'sm', 'arbitro', 'albitro', 'AA_01032026'),
    (120, 'lemma', 'alborèla', 'sf', 'fungo: Boletus rufus', 'alborela', 'AA_01032026'),
    (121, 'lemma', 'aldelà', 'sm', 'al di là, oltre la morte', 'aldela', 'AA_01032026'),
    (122, 'lemma', 'aldelà', 'sf', 'aldilà, eternità, oltretomba', 'aldela', 'AA_01032026'),
    (123, 'lemma', 'aleghér', 'agg', 'allegro, contento, piacevole', 'alegher', 'AA_01032026'),
    (124, 'lemma', 'alegrìa', 'sf', 'allegria, felicità', 'alegria', 'AA_01032026'),
    (125, 'lemma', 'alégro', 'agg', '1. allegro, lieto; 2. alticcio, brillo', 'alegro', 'AA_01032026'),
    (126, 'lemma', 'alegrón', 'sm', 'allegrone, mattacchione', 'alegron', 'AA_01032026'),
    (127, 'lemma', 'alenarse', 'vb', 'allenarsi, esercitarsi, far pratica', 'alenarse', 'AA_01032026'),
    (128, 'lemma', 'alenatór', 'sm', 'allenatore, istruttore', 'alenator', 'AA_01032026'),
    (129, 'lemma', 'alevàr', 'sm', 'alveare, apiario', 'alevar', 'AA_01032026'),
    (130, 'lemma', 'alfìn', 'avv', 'alfine, finalmente', 'alfin', 'AA_01032026'),
    (131, 'lemma', 'algéri', 'avv', 'ieri - anche: aiéri', 'algeri', 'AA_01032026'),
    (132, 'lemma', 'algéri de matina', 'es', 'ieri mattina, al mattino di ieri', 'algeri de matina', 'AA_01032026'),
    (133, 'lemma', 'alimént', 'sm', 'alimento', 'aliment', 'AA_01032026'),
    (134, 'lemma', 'alimentàr', 'vb', 'alimentare', 'alimentar', 'AA_01032026'),
    (135, 'lemma', 'almén', 'avv', 'almeno - anche: almànco', 'almen', 'AA_01032026'),
    (136, 'lemma', 'alòch', 'sm', 'allocco', 'aloch', 'AA_01032026'),
    (137, 'lemma', 'alóra', 'avv', '1. allora, una volta; 2. perciò,quindi, in tal caso', 'alora', 'AA_01032026'),
    (138, 'lemma', 'alożàr', 'vb', 'alloggiare', 'alożar', 'AA_01032026'),
    (139, 'lemma', 'alòżo', 'sm', 'alloggio', 'alozo', 'AA_01032026'),
    (140, 'lemma', 'alséra', 'avv', 'ieri sera', 'alsera', 'AA_01032026'),
    (141, 'lemma', 'alt', 'agg', 'alto', 'alt', 'AA_01032026'),
    (142, 'lemma', 'altàr', 'sm', 'altare', 'altar', 'AA_01032026'),
    (143, 'lemma', 'altarìn', 'sm', 'altarino, fig. marachella', 'altarin', 'AA_01032026'),
    (144, 'lemma', 'altòt', 'agg', '1. piuttosto alto; 2. alticcio, brillo', 'altot', 'AA_01032026'),
    (145, 'lemma', 'altràn', 'sm', 'anno precedente a quello in corso', 'altran', 'AA_01032026'),
    (146, 'lemma', 'altréri', 'avv', 'l''altro ieri, ieri l''altro (il giorno prima di ieri); anche: altrodì', 'altreri', 'AA_01032026'),
    (147, 'locuzione', 'altréri (l'' –)', 'loc', 'l''altro ieri, ieri altro, avantieri', 'altreri (l'' –)', 'AA_01032026'),
    (148, 'locuzione', 'altréri (l''è sta l''–)', 'es', 'è stato l''altro ieri, è successo ieri l''altro', 'altreri (l''e sta l''–)', 'AA_01032026'),
    (149, 'lemma', 'altretànt', 'avv', 'altrettanto', 'altretant', 'AA_01032026'),
    (150, 'lemma', 'alvèrs', 'avv', 'a proposito, al momento opportuno, giustappunto; anche: al vèrs, giustalvèrs', 'alvers', 'AA_01032026'),
    (151, 'lemma', 'alz', 'sm', 'congegno per regolare il tiro nelle armi da fuoco', 'alz', 'AA_01032026'),
    (152, 'lemma', 'alzadina', 'sf', 'alzata, rialzo', 'alzadina', 'AA_01032026'),
    (153, 'lemma', 'alzàr', 'vb', 'alzare, sollevare', 'alzar', 'AA_01032026'),
    (154, 'lemma', 'alzer', 'sm', 'argine, terrapieno, nell''irrigazione fa passare l''acqua da un canale all''altro', 'alzer', 'AA_01032026'),
    (155, 'lemma', 'alzéta', 'sf', 'risvolto di una parte di un vestito, risvolta', 'alzeta', 'AA_01032026'),
    (156, 'lemma', 'am', 'sm', 'amo da pesca, uncino', 'am', 'AA_01032026'),
    (157, 'lemma', 'amàr', 'vb', 'amare, voler bene', 'amar', 'AA_01032026'),
    (158, 'lemma', 'amàr', 'agg', '1. amaro; 2. doloroso, triste', 'amar', 'AA_01032026'),
    (159, 'lemma', 'amaréza', 'sf', 'amarezza, disgusto, rincrescimento, delusione', 'amareza', 'AA_01032026'),
    (160, 'lemma', 'amarìn', 'agg', 'amarino, alquanto amaro', 'amarin', 'AA_01032026'),
    (161, 'lemma', 'amaròt', 'agg', 'amarognolo, tendente all''amaro', 'amarot', 'AA_01032026'),
    (162, 'lemma', 'ambizión', 'sf', 'ambizione', 'ambizion', 'AA_01032026'),
    (163, 'lemma', 'ambiziós', 'agg', 'ambizioso', 'ambizios', 'AA_01032026'),
    (164, 'lemma', 'amblèt', 'sm', 'omelette, frittata - anche: amlèt, omlèt, fortaia', 'amblet', 'AA_01032026'),
    (165, 'lemma', 'àmeda', 'sf', '1. zia; 2. spregiativo ''zitella attempata''', 'ameda', 'AA_01032026'),
    (166, 'lemma', 'àmen', 'sf', '1. così sia; 2. attimo, istante, momento, baleno', 'amen', 'AA_01032026'),
    (167, 'locuzione', 'àmen (en té''n –)', 'loc', 'un un attimo', 'amen (en te''n –)', 'AA_01032026'),
    (168, 'lemma', 'ametér', 'vb', 'ammettere, accettare, accogliere, convenire', 'ameter', 'AA_01032026'),
    (169, 'lemma', 'amico', 'sm', 'amico, compagno', 'amico', 'AA_01032026'),
    (170, 'lemma', 'amò', 'avv', 'ancora, nuovamente', 'amo', 'AA_01032026'),
    (171, 'lemma', 'àmol', 'sm', 'susina', 'amol', 'AA_01032026'),
    (172, 'lemma', 'amór', 'sm', 'amor, amore', 'amor', 'AA_01032026'),
    (173, 'locuzione', 'amór (nar en –)', 'loc', 'andare in amore, innamorarsi, perdere la testa', 'amor (nar en –)', 'AA_01032026'),
    (174, 'locuzione', 'amoredèi', 'loc', 'per l''amore di Dio', 'amoredei', 'AA_01032026'),
    (175, 'lemma', 'amoreżàr', 'vb', 'amoreggiare, flirtare, far coppia, fidanzarsi, frequentarsi', 'amorezar', 'AA_01032026'),
    (176, 'lemma', 'ampò', 'avv', 'finalmente, tuttavia, però, nonostante questo', 'ampo', 'AA_01032026'),
    (177, 'lemma', 'àmpola', 'sf', 'ampolla, vaso di vetro con beccuccio', 'ampola', 'AA_01032026'),
    (178, 'lemma', 'ampolina', 'sf', 'ampollina, boccetta, flaconcino', 'ampolina', 'AA_01032026'),
    (179, 'locuzione', 'ampolina (far veder S. Pero en ten –)', 'loc', 'fig. far vedere una cosa per un''altra, ingannare', 'ampolina (far veder S. Pero en ten –)', 'AA_01032026'),
    (180, 'lemma', 'ampómola', 'sf', 'lampone', 'ampomola', 'AA_01032026'),
    (181, 'lemma', 'ampomolàr', 'sm', 'pianta di lamponi, piantagione di lamponi', 'ampomolar', 'AA_01032026'),
    (182, 'lemma', 'an', 'sm', 'anno', 'an', 'AA_01032026'),
    (183, 'locuzione', 'an (da ''n – a l''altro)', 'es', 'da un anno all''altro', 'an (da ''n – a l''altro)', 'AA_01032026'),
    (184, 'locuzione', 'an bisèst', 'es', 'anno bisestile', 'an bisest', 'AA_01032026'),
    (185, 'locuzione', 'an che vèn', 'es', 'anno successivo a quello presente', 'an che ven', 'AA_01032026'),
    (186, 'locuzione', 'an de là', 'loc', 'l''altr''anno', 'an de la', 'AA_01032026'),
    (187, 'locuzione', 'an pasà', 'es', 'anno scorso', 'an pasa', 'AA_01032026'),
    (188, 'lemma', 'ànadra', 'sf', 'anatra', 'anadra', 'AA_01032026'),
    (189, 'lemma', 'anca', 'avv', 'anche, ancora, in più, pure, altresì', 'anca', 'AA_01032026'),
    (190, 'locuzione', 'anca (se –)', 'loc', 'se pure, quando pure; anche: anca sé', 'anca (se –)', 'AA_01032026'),
    (191, 'locuzione', 'anca l''è vera', 'loc', 'anche ti credo, questa poi, che balla', 'anca l''e vera', 'AA_01032026'),
    (192, 'lemma', 'ancabèn', 'cong', 'anche se, sebbene, quand''anche, se pure', 'ancaben', 'AA_01032026'),
    (193, 'locuzione', 'anch''adès', 'es', 'anche adesso', 'anch''ades', 'AA_01032026'),
    (194, 'lemma', 'ancòi', 'avv', 'oggi, oggigiorno', 'ancoi', 'AA_01032026'),
    (195, 'locuzione', 'ancòi (al dì de –)', 'es', 'al giorno d''oggi', 'ancoi (al di de –)', 'AA_01032026'),
    (196, 'locuzione', 'ancòi gh''è n''aria che bèca', 'es', 'oggi c''è l''aria fredda pungente', 'ancoi gh''e n''aria che beca', 'AA_01032026'),
    (197, 'lemma', 'ancór', 'avv', 'ancora', 'ancor', 'AA_01032026'),
    (198, 'lemma', 'ancużen', 'sf', 'incudine', 'ancuzen', 'AA_01032026'),
    (199, 'lemma', 'anda', 'sf', 'corsa, movimento, mossa, comportamento', 'anda', 'AA_01032026'),
    (200, 'locuzione', 'anda (aver ''n –)', 'loc', 'aver premura', 'anda (aver ''n –)', 'AA_01032026'),
    (201, 'locuzione', 'anda (che –)', 'loc', 'che impeto, che fretta, che portamento, che passione', 'anda (che –)', 'AA_01032026'),
    (202, 'locuzione', 'anda (nar de –)', 'loc', 'andare di fretta, andare di corsa', 'anda (nar de –)', 'AA_01032026'),
    (203, 'lemma', 'andadóra', 'sf', 'ponte di entrata nelle aie o altane di stabili rurali, ponteggio di assi per muratori', 'andadora', 'AA_01032026'),
    (204, 'lemma', 'andana', 'sf', 'striscia di fieno segata', 'andana', 'AA_01032026'),
    (205, 'lemma', 'andazo', 'sm', 'abitudine, tendenza, usanza', 'andazo', 'AA_01032026'),
    (206, 'lemma', 'andìbia', 'sf', 'indivia (ortaggio). anche: endivia', 'andibia', 'AA_01032026'),
    (207, 'lemma', 'andit', 'sm', '1. corridoio; 2. piccolo terreno adiacente alla casa; 3. passaggio consortile', 'andit', 'AA_01032026'),
    (208, 'lemma', 'andón', 'sm', 'fieno ammassato in lunghe file, pronto per essere caricato sul carro', 'andon', 'AA_01032026'),
    (209, 'lemma', 'andóna', 'sf', 'fieno o cereali tagliati e messi in righe a terra', 'andona', 'AA_01032026'),
    (210, 'lemma', 'andonàr', 'vb', 'accovonare, ammucchiare', 'andonar', 'AA_01032026'),
    (211, 'lemma', 'andòrmia', 'sf', 'sonnifero, sedativo, calmante; anche: endòrmia', 'andormia', 'AA_01032026'),
    (212, 'lemma', 'andróna', 'sf', 'viuzza, andito che dà sulla strada', 'androna', 'AA_01032026'),
    (213, 'lemma', 'ànedra', 'sf', 'anitra, anatra; anche ànadra', 'anedra', 'AA_01032026'),
    (214, 'lemma', 'anedrànte', 'agg', 'starnazzante', 'anedrante', 'AA_01032026'),
    (215, 'lemma', 'anedràr', 'vb', 'starnazzare, schiamazzare', 'anedrar', 'AA_01032026'),
    (216, 'lemma', 'anèl', 'sm', 'anello', 'anel', 'AA_01032026'),
    (217, 'lemma', 'aneṡ', 'sm', 'anice', 'anes', 'AA_01032026'),
    (218, 'lemma', 'àngol', 'sm', 'angolo, canto, cantone', 'angol', 'AA_01032026'),
    (219, 'lemma', 'angósa', 'sf', 'angoscia', 'angosa', 'AA_01032026'),
    (220, 'lemma', 'angosàr', 'vb', 'angosciare', 'angosar', 'AA_01032026'),
    (221, 'lemma', 'anguriaro', 'sm', 'venditore di angurie, gestore del chiosco di angurie', 'anguriaro', 'AA_01032026'),
    (222, 'locuzione', 'ani (sti –)', 'loc', 'una volta, tempi passati, un tempo', 'ani (sti –)', 'AA_01032026'),
    (223, 'locuzione', 'ani anorum', 'loc', 'moltissimi anni, tanto tempo', 'ani anorum', 'AA_01032026'),
    (224, 'lemma', 'ànima', 'sf', 'anima, spirito', 'anima', 'AA_01032026'),
    (225, 'locuzione', 'ànima (en l''–)', 'loc', 'nell''anima, nell''intimo', 'anima (en l''–)', 'AA_01032026'),
    (226, 'locuzione', 'ànima (la bòn''– de me nono)', 'loc', 'la buona anima di mio nonno, ricordare con affetto il nonno morto', 'anima (la bon''– de me nono)', 'AA_01032026'),
    (227, 'locuzione', 'ànima (secàr l''–)', 'loc', 'infastidire, tormentare, dar fastidio, rompere le scatole', 'anima (secar l''–)', 'AA_01032026'),
    (228, 'lemma', 'animàr', 'vb', 'animare, stimolare, vivacizzare, allietare', 'animar', 'AA_01032026'),
    (229, 'lemma', 'animèla', 'sf', 'lucignolo di cera che si collocano nei lumini a olio, luminello', 'animela', 'AA_01032026'),
    (230, 'lemma', 'ansàr', 'vb', 'ansare, ansimare, respirare con affanno', 'ansar', 'AA_01032026'),
    (231, 'lemma', 'ansiós', 'agg', 'ansioso, agitato, inquieto', 'ansios', 'AA_01032026'),
    (232, 'lemma', 'anta', 'sf', 'porta dell’armadio', 'anta', 'AA_01032026'),
    (233, 'lemma', 'antana', 'sf', 'solaio, soffitta, sottotetto - anche: altana', 'antana', 'AA_01032026'),
    (234, 'lemma', 'antìch', 'agg', 'antico, antiquato, preistorico', 'antich', 'AA_01032026'),
    (235, 'lemma', 'antiveżìlia', 'sf', 'antivigilia, giorno prima della vigilia', 'antivezilia', 'AA_01032026'),
    (236, 'lemma', 'anuari', 'sm', 'annuario, pubblicazione annuale', 'anuari', 'AA_01032026'),
    (237, 'lemma', 'anunziàr', 'vb', 'annunciare - anche: nunziar', 'anunziar', 'AA_01032026'),
    (238, 'lemma', 'anża', 'sf', 'serpe, saettone - anche: lanza', 'anza', 'AA_01032026'),
    (239, 'lemma', 'anziàn', 'agg', 'anziano, attempato, senile, esperto', 'anzian', 'AA_01032026'),
    (240, 'lemma', 'anziàna', 'sf', 'genziana (fiore)', 'anziana', 'AA_01032026'),
    (241, 'locuzione', 'anziàna (radìs de –)', 'es', 'radice di genziana', 'anziana (radis de –)', 'AA_01032026'),
    (242, 'lemma', 'anzianòt', 'agg', 'anzianotto, attempato', 'anzianot', 'AA_01032026'),
    (243, 'locuzione', 'ànżoi (nar via cói –)', 'loc', 'addormentarsi beatamente, essere distratto', 'anzoi (nar via coi –)', 'AA_01032026'),
    (244, 'lemma', 'anżol', 'sm', 'angelo, creatura celeste', 'anzol', 'AA_01032026'),
    (245, 'lemma', 'anżolét', 'sm', 'angioletto, coscienza - anche: anżolìn', 'anzolet', 'AA_01032026'),
    (246, 'lemma', 'ào', 'sm', 'trisavolo, antenato, avo', 'ao', 'AA_01032026'),
    (247, 'lemma', 'àola', 'sf', 'sardina, sardella, pesce piccolo di lago', 'aola', 'AA_01032026'),
    (248, 'lemma', 'àole', 'smpl', 'sardelle, sarde salate', 'aole', 'AA_01032026'),
    (249, 'lemma', 'aonèla', 'sf', 'pianta di ontano a basso fusto', 'aonela', 'AA_01032026'),
    (250, 'lemma', 'àono', 'sm', 'ontano', 'aono', 'AA_01032026'),
    (251, 'lemma', 'àoo!', 'escl', 'voce per fermare i buoi in marcia', 'aoo!', 'AA_01032026'),
    (252, 'lemma', 'apartamént', 'sm', 'appartamento, quartiere.', 'apartament', 'AA_01032026'),
    (253, 'lemma', 'apéna', 'avv', 'appena, soltanto, a stento', 'apena', 'AA_01032026'),
    (254, 'lemma', 'apòsta', 'avv', 'apposta, volutamente', 'aposta', 'AA_01032026'),
    (255, 'lemma', 'après', 'avv', 'in aggiunta, insieme come allegato, assieme con', 'apres', 'AA_01032026'),
    (256, 'lemma', 'aprìl', 'sm', 'aprile', 'april', 'AA_01032026'),
    (257, 'lemma', 'aprilante', 'sm', 'giorno di aprile', 'aprilante', 'AA_01032026'),
    (258, 'lemma', 'aqua', 'sf', 'acqua', 'aqua', 'AA_01032026'),
    (259, 'locuzione', 'aqua de melìsia', 'loc', 'acqua o spirito di melissa', 'aqua de melisia', 'AA_01032026'),
    (260, 'locuzione', 'aqua de védro', 'loc', 'silicato di sodio; usata per conservare le uova', 'aqua de vedro', 'AA_01032026'),
    (261, 'locuzione', 'aqua e mistrà', 'loc', 'liquore fatto con i frutti di anice - anche: mistrà', 'aqua e mistra', 'AA_01032026'),
    (262, 'lemma', 'aquaraṡa', 'sf', 'acquaragia, essenza di trementina', 'aquarasa', 'AA_01032026'),
    (263, 'lemma', 'aquaròl', 'sm', 'secondo vino, vinello, vino annacquato', 'aquarol', 'AA_01032026'),
    (264, 'lemma', 'aquaròla', 'sf', 'ciliegia di montagna - fig. acquolina in bocca', 'aquarola', 'AA_01032026'),
    (265, 'lemma', 'aquasandéra', 'sf', 'acquasantiera, nelle chiese', 'aquasandera', 'AA_01032026'),
    (266, 'lemma', 'aquasantèl', 'sm', 'acquasantiera, pila dell''acqua benedetta (anche presso il letto); anche: aquasandèl', 'aquasantel', 'AA_01032026'),
    (267, 'lemma', 'aquàz', 'sm', 'guazza, rugiada, brina', 'aquaz', 'AA_01032026'),
    (268, 'lemma', 'aquiṡìr', 'vb', 'acquisire, conseguire', 'aquisir', 'AA_01032026'),
    (269, 'lemma', 'aquiṡizión', 'sf', 'acquisizione, ottenimento', 'aquisizion', 'AA_01032026'),
    (270, 'lemma', 'aquìst', 'sm', 'acquisto, vantaggio', 'aquist', 'AA_01032026'),
    (271, 'lemma', 'aquistàr', 'vb', 'acquistare, comperare - anche: cromprar, comprar, proveder', 'aquistar', 'AA_01032026'),
    (272, 'lemma', 'aquós', 'agg', 'acquoso, acqueo', 'aquos', 'AA_01032026'),
    (273, 'lemma', 'ara', 'sf', 'aia (rurale), stanzone all’entrata della casa', 'ara', 'AA_01032026'),
    (274, 'lemma', 'aràdio', 'sf', 'radio', 'aradio', 'AA_01032026'),
    (275, 'lemma', 'aràr', 'vb', 'arare', 'arar', 'AA_01032026'),
    (276, 'lemma', 'aratìf', 'sm', 'seminativo, terreno lavorato', 'aratif', 'AA_01032026'),
    (277, 'lemma', 'aràz', 'sm', 'arazzo', 'araz', 'AA_01032026'),
    (278, 'lemma', 'arbandón', 'sm', 'abbandono, incuria, trasandatezza', 'arbandon', 'AA_01032026'),
    (279, 'locuzione', 'arbandón (a l’–)', 'loc', 'lasciato a se stesso', 'arbandon (a l’–)', 'AA_01032026'),
    (280, 'lemma', 'arbandonàr', 'vb', 'abbandonare, lasciar perdere, ritirarsi', 'arbandonar', 'AA_01032026'),
    (281, 'lemma', 'arbasamént', 'sm', 'abbassamento, cedimento, calo, avvallamento, sprofondamento', 'arbasament', 'AA_01032026'),
    (282, 'lemma', 'arbasàr', 'vb', 'abbassare, ribassare, calare, ridurre - anche: sbasàr', 'arbasar', 'AA_01032026'),
    (283, 'lemma', 'arbol', 'sm', 'albero, pianta', 'arbol', 'AA_01032026'),
    (284, 'lemma', 'arborèla', 'sf', 'pioppo', 'arborela', 'AA_01032026'),
    (285, 'lemma', 'arcada', 'sf', 'arcata, volta', 'arcada', 'AA_01032026'),
    (286, 'lemma', 'archét', 'sm', 'archetto, trappola per acchiappare uccelletti. Frase: ciapà en tel archet', 'archet', 'AA_01032026'),
    (287, 'lemma', 'archìvi', 'sm', 'archivio, registro', 'archivi', 'AA_01032026'),
    (288, 'lemma', 'arcoàr', 'vb', 'ammannare (far le manne), raccogliere il frumento da poter legare in covoni', 'arcoar', 'AA_01032026'),
    (289, 'lemma', 'àrder', 'vb', 'ardere, bruciare', 'arder', 'AA_01032026'),
    (290, 'lemma', 'ardimént', 'sm', 'ardimento, audacia, coraggio, baldanza', 'ardiment', 'AA_01032026'),
    (291, 'lemma', 'aredèla', 'sf', 'graticcio piccolo di canne o paglia', 'aredela', 'AA_01032026'),
    (292, 'lemma', 'arèla', 'sf', 'graticcio, canniccio fatto di canne palustri', 'arela', 'AA_01032026'),
    (293, 'lemma', 'arènt', 'avv', 'accanto, vicino, appresso, a ridosso', 'arent', 'AA_01032026'),
    (294, 'lemma', 'arènt', 'sm', 'companatico, cibo di qualsiasi tipo che si mangia insieme al pane, polenta, ecc.', 'arent', 'AA_01032026'),
    (295, 'locuzione', 'arènt (còsa gh''è de –)', 'loc', 'cosa c''è di companatico; cosa c''è da mangiare insieme col pane', 'arent (cosa gh''e de –)', 'AA_01032026'),
    (296, 'locuzione', 'arènt (tirarse –)', 'es', 'avvicinarsi, accostarsi, mettersi vicino, farsi compagnia', 'arent (tirarse –)', 'AA_01032026'),
    (297, 'locuzione', 'arènteghe vergót', 'es', 'mettigli vicino qualche cosa, mettici dell''altro', 'arenteghe vergot', 'AA_01032026'),
    (298, 'lemma', 'àrfi', 'sm', 'respiro, fiato pesante; anche: arf', 'arfi', 'AA_01032026'),
    (299, 'lemma', 'arfiàda', 'sf', 'fiatata, soffiata, sudata', 'arfiada', 'AA_01032026'),
    (300, 'lemma', 'arfiàr', 'vb', 'ansimare, respirare pesantemente, riprendere fiato', 'arfiar', 'AA_01032026'),
    (301, 'lemma', 'argàgn', 'sm', '1. arnese, ordigno, congegno; 2. riferito a persona: strana', 'argagn', 'AA_01032026'),
    (302, 'lemma', 'argagni', 'smpl', 'oggetti (dispregiativo)', 'argagni', 'AA_01032026'),
    (303, 'lemma', 'arghen', 'sm', 'argano, verricello', 'arghen', 'AA_01032026'),
    (304, 'lemma', 'ari, ari!', 'escl', 'grido per incitare le bestie - es.: all''asino', 'ari, ari!', 'AA_01032026'),
    (305, 'lemma', 'aria', 'sf', '1. aria, brezza, refolo, 2. motivetto, canto, canzone', 'aria', 'AA_01032026'),
    (306, 'locuzione', 'aria grama', 'loc', 'aria stagnante, nella canna fumaria o in miniera', 'aria grama', 'AA_01032026'),
    (307, 'locuzione', 'aria pelósa', 'loc', 'aria molto fredda', 'aria pelosa', 'AA_01032026'),
    (308, 'lemma', 'arieṡìna', 'sf', 'arietta, frescura, venticello a volte pungente', 'ariesina', 'AA_01032026'),
    (309, 'lemma', 'ariòma', 'sm', 'tremito, convulsione, forte agitazione, stato epilettico passeggero dei bambini', 'arioma', 'AA_01032026'),
    (310, 'lemma', 'arlechìn', 'sm', 'arlecchino - fig. persona inaffidabile', 'arlechin', 'AA_01032026'),
    (311, 'lemma', 'arléf', 'sm', 'allievo, figlio, redo; piccolo di animale che si alleva', 'arlef', 'AA_01032026'),
    (312, 'lemma', 'arlevàr', 'vb', 'allevare, far crescere, coltivare, tirare su', 'arlevar', 'AA_01032026'),
    (313, 'lemma', 'armada', 'sf', 'armata, esercito', 'armada', 'AA_01032026'),
    (314, 'lemma', 'armadura', 'sf', 'armatura, corazza', 'armadura', 'AA_01032026'),
    (315, 'lemma', 'armàndola', 'sf', 'mandorla, anche: màndola', 'armandola', 'AA_01032026'),
    (316, 'lemma', 'armàr', 'sm', 'armadio, guardaroba', 'armar', 'AA_01032026'),
    (317, 'lemma', 'armàr', 'vb', 'armare, caricare, fortificare col cemento', 'armar', 'AA_01032026'),
    (318, 'lemma', 'armaròl', 'sm', 'armaiolo', 'armarol', 'AA_01032026'),
    (319, 'lemma', 'armarón', 'sm', 'armadione, armadio enorme, omaccione', 'armaron', 'AA_01032026'),
    (320, 'lemma', 'armaròt', 'sm', 'armadietto', 'armarot', 'AA_01032026'),
    (321, 'lemma', 'armelìn', 'sm', 'albicocca', 'armelin', 'AA_01032026'),
    (322, 'lemma', 'armelinàr', 'sm', 'albero di albicocco', 'armelinar', 'AA_01032026'),
    (323, 'lemma', 'armeżàr', 'vb', 'armeggiare, macchinare, trafficare', 'armezar', 'AA_01032026'),
    (324, 'lemma', 'arnés', 'sm', 'arnese', 'arnes', 'AA_01032026'),
    (325, 'lemma', 'arneṡòt', 'sm', 'piccolo arnese', 'arnesot', 'AA_01032026'),
    (326, 'lemma', 'arquanti', 'agg', 'alquanti, alcuni, certuni, diversi, svariati', 'arquanti', 'AA_01032026'),
    (327, 'lemma', 'arsanàr', 'vb', 'risanare, sanare, bonificare', 'arsanar', 'AA_01032026'),
    (328, 'lemma', 'arsenàl', 'sm', 'arsenale, cosa o persona grande e goffa, ragazzo sventato', 'arsenal', 'AA_01032026'),
    (329, 'lemma', 'arsolàr', 'vb', 'risuolare (le scarpe) - anche: risolar', 'arsolar', 'AA_01032026'),
    (330, 'lemma', 'arteṡàn', 'sm', 'artigiano', 'artesan', 'AA_01032026'),
    (331, 'lemma', 'articiòch', 'sm', '1. carciofo; 2. fig. uomo buono a nulla', 'articioch', 'AA_01032026'),
    (332, 'lemma', 'artìcol', 'sm', '1. articolo, pezzo 2. persona singolare', 'articol', 'AA_01032026'),
    (333, 'locuzione', 'artìcol (te séi ''n –)', 'es', 'sei proprio singolare, sei prorio eccentrico, particolare', 'articol (te sei ''n –)', 'AA_01032026'),
    (334, 'lemma', 'artifìzi', 'sm', 'artificio, astuzia, dispositivo, invenzione, inganno', 'artifizi', 'AA_01032026'),
    (335, 'lemma', 'arvegnìr', 'vb', 'rinvenire, ravvivare, rianimare, riprendere conoscenza', 'arvegnir', 'AA_01032026'),
    (336, 'lemma', 'arvizinàr', 'vb', 'avvicinare - anche: avizinàr', 'arvizinar', 'AA_01032026'),
    (337, 'lemma', 'arvizinarse', 'vb', 'avvicinarsi, accostarsi, mettersi vicino - anche: tirarse arènt', 'arvizinarse', 'AA_01032026'),
    (338, 'lemma', 'arżen', 'sm', 'argine, ripa, sponda. Anche: alzer, rosta', 'arzen', 'AA_01032026'),
    (339, 'lemma', 'arżènt', 'sm', 'argento', 'arzent', 'AA_01032026'),
    (340, 'lemma', 'arzibiṡnòni', 'smpl', 'avi, progenitori', 'arzibisnoni', 'AA_01032026'),
    (341, 'lemma', 'arżignàr', 'vb', 'caprugginare, il lavoro per incastrarvi il fondo delle botti; anche: enżignar le bót', 'arzignar', 'AA_01032026'),
    (342, 'lemma', 'arziprèt', 'sm', 'arciprete', 'arzipret', 'AA_01032026'),
    (343, 'lemma', 'as', 'sm', 'asso, asse, assi, tavola segata', 'as', 'AA_01032026'),
    (344, 'locuzione', 'as (restar su l''– de le perséche)', 'loc', 'fallire, restare a terra, all''asciutto, senza niente', 'as (restar su l''– de le perseche)', 'AA_01032026'),
    (345, 'locuzione', 'as de le perséche', 'loc', 'asse sulla quale si mette mele e pere a fettine per farle essiccare', 'as de le perseche', 'AA_01032026'),
    (346, 'lemma', 'asà', 'avv', 'abbastanza, a sufficienza', 'asa', 'AA_01032026'),
    (347, 'locuzione', 'asàlo star', 'es', 'lasciatelo stare in pace, non fategli niente', 'asalo star', 'AA_01032026'),
    (348, 'lemma', 'asàr', 'vb', '1. lasciare, depositare, deporre, consegnare; 2.lasciare un posto o una persona, separarsi', 'asar', 'AA_01032026'),
    (349, 'lemma', 'ascòrżerse', 'vb', 'accorgersi, notare, intuire - come nascorzerse', 'ascorzerse', 'AA_01032026'),
    (350, 'lemma', 'aṡé', 'sm', 'aceto - anche: asedo', 'ase', 'AA_01032026'),
    (351, 'locuzione', 'aṡé (nar en –)', 'loc', 'perdersi, smarrirsi, perdere il filo', 'ase (nar en –)', 'AA_01032026'),
    (352, 'locuzione', 'asé de pomi', 'es', 'aceto di mele', 'ase de pomi', 'AA_01032026'),
    (353, 'locuzione', 'aṡé de ṡpich', 'es', 'infuso di lavanda e aceto, o canfora, contro il mal di testa', 'ase de spich', 'AA_01032026'),
    (354, 'lemma', 'aṡedàr', 'vb', 'mettere l''aceto', 'asedar', 'AA_01032026'),
    (355, 'lemma', 'asedèla', 'sf', 'assicella, piccola asse', 'asedela', 'AA_01032026'),
    (356, 'lemma', 'aṡédo', 'sm', 'aceto - anche: asé', 'asedo', 'AA_01032026'),
    (357, 'lemma', 'asedón', 'sm', 'la freccia del carro, che si unisce con la parte posteriore', 'asedon', 'AA_01032026'),
    (358, 'locuzione', 'àseme star', 'es', 'lasciami stare, non tormentarmi', 'aseme star', 'AA_01032026'),
    (359, 'lemma', 'aṡen', 'sm', 'asino, somaro, ciuco', 'asen', 'AA_01032026'),
    (360, 'lemma', 'aṡenada', 'sf', 'asinata, grossa stupidaggine', 'asenada', 'AA_01032026'),
    (361, 'lemma', 'aṡenèl', 'sm', 'asinello', 'asenel', 'AA_01032026'),
    (362, 'lemma', 'aṡenón', 'sm', 'somarone', 'asenon', 'AA_01032026'),
    (363, 'lemma', 'aser', 'sm', 'acero', 'aser', 'AA_01032026'),
    (364, 'lemma', 'asguèlt', 'agg', 'svelto, veloce; anche: sguèlt o asvèlt', 'asguelt', 'AA_01032026'),
    (365, 'lemma', 'aṡi', 'sm', 'agio, comodo, opportunità, libertà', 'asi', 'AA_01032026'),
    (366, 'locuzione', 'aṡi (a bèl –)', 'loc', 'a cavalluccio', 'asi (a bel –)', 'AA_01032026'),
    (367, 'lemma', 'aṡià', 'agg', 'preparato, comodo', 'asia', 'AA_01032026'),
    (368, 'locuzione', 'aṡià (ṡét –)', 'es', 'sei pronto?, sei vestito?', 'asia (set –)', 'AA_01032026'),
    (369, 'lemma', 'aṡiàr', 'vb', 'apparecchiare, preparare, agghindare, sistemare, allestire', 'asiar', 'AA_01032026'),
    (370, 'locuzione', 'aṡiarme (vago a –)', 'es', 'vado a prepararmi, a mettermi a posto', 'asiarme (vago a –)', 'AA_01032026'),
    (371, 'lemma', 'aṡiarṡe', 'vb', 'prepararsi, agghindarsi, sistemarsi, lavarsi e pettinarsi', 'asiarse', 'AA_01032026'),
    (372, 'locuzione', 'àṡiete che l''è ora', 'es', 'preparati che è ora, organizzati ch''è tempo', 'asiete', 'AA_01032026'),
    (373, 'lemma', 'asìl', 'sm', 'asse, assile (del carro) - anche: sil', 'asil', 'AA_01032026'),
    (374, 'lemma', 'aṡilòt', 'sm', 'bambino che va alla scuola materna (asilo)', 'asilot', 'AA_01032026'),
    (375, 'lemma', 'asòlver', 'vb', 'assolvere, adempiere', 'asolver', 'AA_01032026'),
    (376, 'lemma', 'asolvèst', 'agg', 'assolto, eseguito', 'asolvest', 'AA_01032026'),
    (377, 'lemma', 'asón', 'sm', 'asse centrale e traverse principali del carro agricolo', 'ason', 'AA_01032026'),
    (378, 'lemma', 'asòt', 'sm', 'asse, assicella, tavoletta di legno', 'asot', 'AA_01032026'),
    (379, 'lemma', 'asp', 'sm', 'aspo, naspo - anche: aspi, guindol', 'asp', 'AA_01032026'),
    (380, 'lemma', 'aspèt', 'sm', 'aspetto, forma, cera, faccia', 'aspet', 'AA_01032026'),
    (381, 'lemma', 'aspetàr', 'vb', 'aspettare, attendere, essere in attesa', 'aspetar', 'AA_01032026'),
    (382, 'lemma', 'asquasi', 'avv', 'quasi, circa, pressappoco', 'asquasi', 'AA_01032026'),
    (383, 'lemma', 'asvèlt', 'agg', 'svelto, sveglio, lesto, agile, sollecito, accorto - anche: asvèlto, svèlt, sguèlt, asguèlt', 'asvelt', 'AA_01032026'),
    (384, 'lemma', 'asveltirse', 'vb', 'sveltirsi, stringere i tempi, svegliarsi', 'asveltirse', 'AA_01032026'),
    (385, 'lemma', 'atacapàni', 'sm', 'attaccapanni, appendiabiti, appendino - anche: tacapàni', 'atacapani', 'AA_01032026'),
    (386, 'lemma', 'atènt', 'agg', 'attento, solerte', 'atent', 'AA_01032026'),
    (387, 'lemma', 'atenzión', 'sf', 'attenzione, interesse, cura', 'atenzion', 'AA_01032026'),
    (388, 'lemma', 'àtimo', 'sm', 'attimo, istante, amen', 'atimo', 'AA_01032026'),
    (389, 'lemma', 'ato', 'sm', '1. atto, gesto, azione; 2. atto, scena; 3. capace, rispondente', 'ato', 'AA_01032026'),
    (390, 'lemma', 'atrìte', 'sf', 'malattia dell’artrite', 'atrite', 'AA_01032026'),
    (391, 'lemma', 'aughén', 'escl', 'occhio, fai attenzione, valuta bene - anche: òcio', 'aughen', 'AA_01032026'),
    (392, 'lemma', 'àuno', 'sm', 'ontano', 'auno', 'AA_01032026'),
    (393, 'lemma', 'aùt', 'sm', 'aiuto', 'aut', 'AA_01032026'),
    (394, 'lemma', 'autàr', 'vb', 'aiutare, soccorrere', 'autar', 'AA_01032026'),
    (395, 'locuzione', 'autarghe', 'es', 'aiutarlo, aiutarla, aiutarle (dare aiuto)', 'autarghe', 'AA_01032026'),
    (396, 'lemma', 'autèl', 'sm', 'automobilina, piccola auto, giocattolo.', 'autel', 'AA_01032026'),
    (397, 'lemma', 'autùn', 'sm', 'autunno', 'autun', 'AA_01032026'),
    (398, 'lemma', 'avanti', 'avv', 'avanti, davanti, innanzi; anche: envànti', 'avanti', 'AA_01032026'),
    (399, 'locuzione', 'avanti che', 'loc', 'prima di, prima che', 'avanti che', 'AA_01032026'),
    (400, 'lemma', 'avantór', 'sm', 'avventore, cliente, pretendente, corteggiatore', 'avantor', 'AA_01032026'),
    (401, 'lemma', 'avànz', 'sm', 'avanzo, scarto, sfrido, residuo - anche: vanzaròt', 'avanz', 'AA_01032026'),
    (402, 'lemma', 'avaròle', 'sfpl', 'vaiolo', 'avarole', 'AA_01032026'),
    (403, 'lemma', 'avarón', 'sm', 'avaraccio', 'avaron', 'AA_01032026'),
    (404, 'lemma', 'avegnìr', 'sm', 'avvenire, futuro, domani', 'avegnir', 'AA_01032026'),
    (405, 'lemma', 'avér', 'vb', 'avere - anche: gavér', 'aver', 'AA_01032026'),
    (406, 'locuzione', 'avér el magón', 'loc', 'avere il magone, avere il nodo alla gola, avere tristezza, abbattimento', 'aver el magon', 'AA_01032026'),
    (407, 'locuzione', 'avér per mal', 'loc', 'averne a male, permalosirsi', 'aver per mal', 'AA_01032026'),
    (408, 'locuzione', 'avérghe tèmp', 'loc', 'avere del tempo', 'averghe temp', 'AA_01032026'),
    (409, 'locuzione', 'avérghen', 'es', 'averne, possederne', 'averghen', 'AA_01032026'),
    (410, 'locuzione', 'avérghen', 'es', 'averne! riuscire a ottenerne!', 'averghen', 'AA_01032026'),
    (411, 'locuzione', 'averghén (da –)', 'loc', 'd''averne, da possederne - anche: érghene', 'averghen (da –)', 'AA_01032026'),
    (412, 'locuzione', 'averghén (vàrda d'' – asà)', 'loc', 'bada di averne abbastanza - anche: érghene', 'averghen (varda d'' – asa)', 'AA_01032026'),
    (413, 'locuzione', 'avérghen de masa', 'es', 'averne troppi, averne in sovrappiù', 'averghen de masa', 'AA_01032026'),
    (414, 'lemma', 'avéri', 'smpl', 'beni, sostanze, ricchezze', 'averi', 'AA_01032026'),
    (415, 'lemma', 'avèrt', 'agg', 'aperto, ampio, scoperto; disponibile, socievole', 'avert', 'AA_01032026'),
    (416, 'locuzione', 'avèrt /a (a l'' –)', 'loc', 'allo scoperto, esposto, alla luce del sole', 'avert /a (a l'' –)', 'AA_01032026'),
    (417, 'locuzione', 'avèrta (a boca –)', 'es', 'a bocca aperta, stupire, sbalordire', 'averta (a boca –)', 'AA_01032026'),
    (418, 'lemma', 'avertìr', 'vb', 'avvertire, ammonire, avvisare, far presente; fiutare, presentire', 'avertir', 'AA_01032026'),
    (419, 'lemma', 'avertór', 'sm', 'sparato; la parte anteriore della camicia maschile da sera', 'avertor', 'AA_01032026'),
    (420, 'lemma', 'avèrżer', 'vb', 'aprire, dischiudere, slacciare, sbocciare, stappare, allargare, squarciare, dare inizio', 'averzer', 'AA_01032026'),
    (421, 'lemma', 'avèrżer fòra', 'loc', 'spalancare, schiudere, allargare, spaccare, spacchettare', 'averzer fora', 'AA_01032026'),
    (422, 'lemma', 'avèrżerse', 'vb', '1. aprirsi, slacciarsi, stapparsi; 2. confidarsi, rasserenarsi', 'averzerse', 'AA_01032026'),
    (423, 'lemma', 'avéz', 'sm', 'abete bianco', 'avez', 'AA_01032026'),
    (424, 'lemma', 'avilì', 'agg', 'avvilito, depresso, umiliato - anche: avelì', 'avili', 'AA_01032026'),
    (425, 'lemma', 'avizinàr', 'vb', 'avvicinare, accostare, ravvicinare - anche: svizinàr, arvézinar', 'avizinar', 'AA_01032026'),
    (426, 'lemma', 'avizinàrse', 'vb', 'avvicinarsi, accostarsi, ravvicinarsi - anche: svizinàrse, arvézinarse', 'avizinarse', 'AA_01032026'),
    (427, 'lemma', 'avocatèl', 'sm', 'avvocatuncolo', 'avocatel', 'AA_01032026'),
    (428, 'lemma', 'àvola', 'sf', 'alborella (pesce)', 'avola', 'AA_01032026'),
    (429, 'lemma', 'aza', 'sf', 'matassa', 'aza', 'AA_01032026'),
    (430, 'lemma', 'aze', 'sfpl', 'volg. testicoli', 'aze', 'AA_01032026'),
    (431, 'locuzione', 'aze (far na żó le –)', 'loc', 'infastidire, molestare, seccare, importunare', 'aze (far na zo le –)', 'AA_01032026'),
    (432, 'locuzione', 'aze (fòr da le –)', 'loc', 'gira alla larga, vattene, non rompere', 'aze (for da le –)', 'AA_01032026'),
    (433, 'locuzione', 'aze (nó róter le –)', 'loc', 'non rompere, non molestarmi, non ropermi le palle', 'aze (no roter le –)', 'AA_01032026'),
    (434, 'locuzione', 'aze (nó secàr le –)', 'loc', 'non scocciare, non infastidire, non esasperare', 'aze (no secar le –)', 'AA_01032026'),
    (435, 'lemma', 'azènt', 'sm', 'accento', 'azent', 'AA_01032026'),
    (436, 'lemma', 'azèt', 'agg', 'ben accetto, ben accolto', 'azet', 'AA_01032026'),
    (437, 'locuzione', 'azèt (far bòn –)', 'loc', 'dare buona accoglienza', 'azet (far bon –)', 'AA_01032026'),
    (438, 'lemma', 'azetàr', 'vb', 'accettare, acconsentire, gradire - anche: acetàr', 'azetar', 'AA_01032026'),
    (439, 'lemma', 'azidènt', 'sm', 'accidente, disgrazia, complicazione', 'azident', 'AA_01032026'),
    (440, 'lemma', 'àzido', 'agg', 'acido, brusco, scortese, bisbetico', 'azido', 'AA_01032026'),
    (441, 'lemma', 'azión', 'sf', 'azione, gesto, mossa, atto, quota', 'azion', 'AA_01032026'),
    (442, 'lemma', 'ażuro', 'agg', 'azzurro', 'azuro', 'AA_01032026');

-- ------------------------------------------------------------
-- 4. INSERT: file BB_01032026 (790 righe)
-- ------------------------------------------------------------

INSERT INTO voci_dizionario (num, tipo, voce, cat, italiano, et_audio, sorgente) VALUES
    (1, 'lemma', 'babà', 'sf', 'voce bambinesca per acqua o una bibita qualsiasi', 'baba', 'BB_01032026'),
    (2, 'lemma', 'bàba', 'sf', 'donna ciarliera, pettegola, chiacchierona e un po’ ficcanaso', 'baba', 'BB_01032026'),
    (3, 'lemma', 'babàr', 'vb', 'chiacchierare, ciarlare a lungo, in continuazione, pettegolare', 'babar', 'BB_01032026'),
    (4, 'lemma', 'babilòli', 'sm', 'a cavalluccio - anche: a belòio, babilòio', 'babiloli', 'BB_01032026'),
    (5, 'lemma', 'babóna', 'sf', 'chiacchierona, pettegola, logorroica', 'babona', 'BB_01032026'),
    (6, 'lemma', 'bacàn', 'sm', '1. contadino ricco, possidente di terre, fig. contadino rozzo, 2. baccano, fracasso, casino', 'bacan', 'BB_01032026'),
    (7, 'locuzione', 'bacàn (sa èlo sto –)', 'loc', 'cos''è questo baccano, cos''è questo fracasso', 'bacàn (sa èlo sto –)', 'BB_01032026'),
    (8, 'lemma', 'bacanòt', 'sm', 'contadinello e ricco', 'bacanot', 'BB_01032026'),
    (9, 'lemma', 'bachét', 'sf', 'bacchetta, bastoncino, pezzo di legno, legnetto, paletto - anche: bachèta', 'bachet', 'BB_01032026'),
    (10, 'lemma', 'bachetàr', 'vb', 'bacchettare, percuotere con la bacchetta; rimprovero, biasimo', 'bachetar', 'BB_01032026'),
    (11, 'lemma', 'bachetón', 'sm', '1. bacchettone, bigotto; 2. pania, bacchette invischiate per uccellagione - anche: cetìn, santarèl', 'bacheton', 'BB_01032026'),
    (12, 'locuzione', 'bachetón (arivàr sul -)', 'loc', 'esser preso da qualcuno che ne aspetta l''occasione.', 'bacheton (arivar sul -)', 'BB_01032026'),
    (13, 'locuzione', 'bachetón (té vegnirai sul –)', 'loc', 'verrai a tiro, te la farò pagare', 'bacheton (te vegnirai sul –)', 'BB_01032026'),
    (14, 'lemma', 'bacuchèl', 'sm', 'casotto, baracca, capanno, gabbiotto', 'bacuchel', 'BB_01032026'),
    (15, 'lemma', 'bacùco', 'agg', 'scemo, rimbambito, vecchio cadente', 'bacuco', 'BB_01032026'),
    (16, 'locuzione', 'bada (tegnir a –)', 'loc', 'tenere d''occhio, mettere sotto controllo', 'bada (tegnir a –)', 'BB_01032026'),
    (17, 'lemma', 'badàr', 'vb', 'badare, custodire, far attenzione', 'badar', 'BB_01032026'),
    (18, 'lemma', 'badésa', 'sf', 'badessa, superiore, donnone, saccente - anche: comandarésa', 'badesa', 'BB_01032026'),
    (19, 'lemma', 'badesàr', 'vb', 'padroneggiare, comandare, dominare - fig. fare la badessa', 'badesar', 'BB_01032026'),
    (20, 'lemma', 'badìl', 'sm', 'badile, pala', 'badil', 'BB_01032026'),
    (21, 'lemma', 'baf', 'sm', 'baffo, mustacchi', 'baf', 'BB_01032026'),
    (22, 'locuzione', 'baf (nó dir gnanca en –)', 'loc', 'non dire neanche una parola, non aprir bocca', 'baf (no dir gnanca en –)', 'BB_01032026'),
    (23, 'lemma', 'baféto', 'sm', 'baffetto, fregio; fig. capo, comandante', 'bafeto', 'BB_01032026'),
    (24, 'lemma', 'baga', 'sf', '1. otre di pelle; 2. persona grassoccia e piccola di statura - anche: bagonghi', 'baga', 'BB_01032026'),
    (25, 'lemma', 'bagài', 'sm', 'bagaglio, bagagli', 'bagai', 'BB_01032026'),
    (26, 'lemma', 'baghèga', 'sm', 'piccino, piccoletto, ometto', 'baghega', 'BB_01032026'),
    (27, 'lemma', 'bàgherle', 'sm', 'biroccio, calesse, carrozza a due o quattro ruote, con mantice', 'bagherle', 'BB_01032026'),
    (28, 'lemma', 'bagianada', 'sf', 'baggianata, sciocchezza, stupidaggine', 'bagianada', 'BB_01032026'),
    (29, 'lemma', 'bagigi', 'smpl', 'noccioline americane, arachidi', 'bagigi', 'BB_01032026'),
    (30, 'lemma', 'bagnàr', 'vb', 'bagnare, ammollare', 'bagnar', 'BB_01032026'),
    (31, 'lemma', 'bagnifa', 'sf', 'concia del selvatico, marinata', 'bagnifa', 'BB_01032026'),
    (32, 'lemma', 'bàgola', 'sf', '1. bacca, frutto del bagolaro; 2. cacherello di capra, di topi, dei bachi da seta; 3. ginepro; 4. vigile urbano', 'bagola', 'BB_01032026'),
    (33, 'lemma', 'bagolàr', 'sm', 'bagolaro, loto (pianta), albero di bacche nere', 'bagolar', 'BB_01032026'),
    (34, 'lemma', 'bagolàr', 'vb', 'tremare, battere i denti, provare i brividi, avere freddo', 'bagolar', 'BB_01032026'),
    (35, 'locuzione', 'bagolàr dal frét', 'loc', 'tremare dal freddo, battere i denti, rabbrividire', 'bagolar dal fret', 'BB_01032026'),
    (36, 'lemma_variant', 'bàgole', 'sfpl', '1. bacche; 2. chiacchiere, bazzecole, piccolezze; 3. escrementi di capra, pecora, topi, ecc.', 'bagole', 'BB_01032026'),
    (37, 'locuzione', 'bàgole de càora', 'loc', 'sterco di capra', 'bagole de caora', 'BB_01032026'),
    (38, 'locuzione', 'bàgole de pégora', 'loc', 'sterco di pecora', 'bagole de pegora', 'BB_01032026'),
    (39, 'lemma', 'bagolòn', 'agg', 'freddoloso, spaccone, millantatore, chiacchierone', 'bagolon', 'BB_01032026'),
    (40, 'lemma', 'bagónghi', 'sm', 'nano da circo, nano grassoccio, nanerottolo', 'bagonghi', 'BB_01032026'),
    (41, 'lemma', 'bai', 'smpl', 'insetti', 'bai', 'BB_01032026'),
    (42, 'lemma', 'bàia', 'sf', 'presa in giro, fandonia; sbornia, ubriacatura', 'baia', 'BB_01032026'),
    (43, 'lemma', 'baiarèl', 'sm', 'ciarlone, pettegolo, parolaio, saputello, chiacchierino', 'baiarel', 'BB_01032026'),
    (44, 'lemma', 'baiarèla', 'sf', '1. uccelletto simile alla capinera, sterpazzola, bigiarella; 2. donna ciarlona', 'baiarela', 'BB_01032026'),
    (45, 'lemma', 'baiòchi', 'smpl', 'soldi, denaro', 'baiochi', 'BB_01032026'),
    (46, 'lemma', 'bàit', 'sm', 'capanna, capanno, casotto, piccola costruzione', 'bait', 'BB_01032026'),
    (47, 'lemma', 'bàita', 'sf', 'capanna, baita, casetta di montagna', 'baita', 'BB_01032026'),
    (48, 'lemma', 'baitèl', 'sm', 'piccola baita', 'baitel', 'BB_01032026'),
    (49, 'lemma', 'bal', 'sm', 'ballo, danza, festa danzante', 'bal', 'BB_01032026'),
    (50, 'lemma', 'bala', 'sf', '1. palla, boccia, pallottola; 2. testicolo; 3. frottola, bugia; 4. balla, sbornia, ubriacatura', 'bala', 'BB_01032026'),
    (51, 'locuzione', 'bala (de –)', 'loc', 'di corsa, con premura, senza por tempo in mezzo - anche: sùbit, debòt', 'bala (de –)', 'BB_01032026'),
    (52, 'locuzione', 'bala (nar de –)', 'loc', 'andar di corsa, senza indugio, andare velocemente', 'bala (nar de –)', 'BB_01032026'),
    (53, 'locuzione', 'bala de néf', 'es', 'palla di neve', 'bala de nef', 'BB_01032026'),
    (54, 'lemma', 'balada', 'sf', 'ballata, danzata, sgambettata, componimento letterario', 'balada', 'BB_01032026'),
    (55, 'lemma', 'baladór', 'sm', '1. ballerino, danzatore; 2. ballatoio, balcone, terrazzo - anche:pontesèl, pogiòl, balcón', 'balador', 'BB_01032026'),
    (56, 'lemma', 'balamént', 'sm', 'dondolio, oscillazione', 'balament', 'BB_01032026'),
    (57, 'lemma', 'balandra', 'agg', 'persona confusa in testa, scansafatiche, poltrone, pelandrone, scioperato, ubriacone', 'balandra', 'BB_01032026'),
    (58, 'lemma', 'balanza', 'sf', 'bilancia, bascula, stadera, pesa', 'balanza', 'BB_01032026'),
    (59, 'locuzione', 'balanza (en –)', 'loc', 'in bilico, in stabilità', 'balanza (en –)', 'BB_01032026'),
    (60, 'lemma', 'balanzìn', 'sm', 'nel carro: la traversina sul davanti ove si attaccavano i tiranti', 'balanzin', 'BB_01032026'),
    (61, 'lemma', 'balàr', 'vb', 'ballare, danzare', 'balar', 'BB_01032026'),
    (62, 'lemma', 'balarina', 'sf', '1. ballerina, danzatrice, 2. ballerina (uccello) - anche:balerina', 'balarina', 'BB_01032026'),
    (63, 'lemma', 'balbuziàr', 'vb', 'balbettare - anche: embesolarse', 'balbuziar', 'BB_01032026'),
    (64, 'lemma', 'balcón', 'sm', 'balcone, poggiolo - anche:pontesèl, pogiòl, baladór', 'balcon', 'BB_01032026'),
    (65, 'lemma', 'baldonàz', 'sm', 'sanguinaccio, baldone - anche:brusti', 'baldonaz', 'BB_01032026'),
    (66, 'lemma', 'bale', 'sfpl', 'palle, balle, bugie', 'bale', 'BB_01032026'),
    (67, 'locuzione', 'bale (nar for da le –)', 'loc', 'levarsi di torno, andarsene, non rompere più', 'bale (nar for da le –)', 'BB_01032026'),
    (68, 'lemma', 'balèngo', 'agg', '1. sciocco; 2. strambo; 3. disuguale - anche:balènch', 'balengo', 'BB_01032026'),
    (69, 'lemma', 'balerìn', 'sm', 'ballerino, danzatore - anche:balarin', 'balerin', 'BB_01032026'),
    (70, 'lemma', 'balét', 'sm', 'balletto', 'balet', 'BB_01032026'),
    (71, 'lemma', 'balìn', 'sm', 'pallino per fucile; per il gioco delle bocce, boccino - anche: borin', 'balin', 'BB_01032026'),
    (72, 'lemma', 'balinàzi', 'sm', 'pallettoni, proiettili, pallini grossi', 'balinazi', 'BB_01032026'),
    (73, 'locuzione', 'balinàzi (nar de –)', 'loc', 'correre veloci, filare via velocemente, scappare', 'balinazi (nar de –)', 'BB_01032026'),
    (74, 'lemma', 'balista', 'sm', 'conta frottole, menzognero', 'balista', 'BB_01032026'),
    (75, 'lemma', 'balón', 'sm', '1. pallone, calcio, football; 2. fig. grossa sbornia', 'balon', 'BB_01032026'),
    (76, 'lemma', 'balón', 'agg', 'bugiardo, millantatore, fanfarone, impostore', 'balon', 'BB_01032026'),
    (77, 'locuzione', 'balón (a –)', 'loc', 'con insuccesso, alla rovina, esito negativo,', 'balon (a –)', 'BB_01032026'),
    (78, 'locuzione', 'balón (nar a –)', 'loc', 'andare in fallimento, essere in confusione, smarrimento', 'balon (nar a –)', 'BB_01032026'),
    (79, 'lemma', 'balonzìn', 'sm', 'palloncino', 'balonzin', 'BB_01032026'),
    (80, 'lemma', 'balonzìna', 'sf', 'palloncina, palla pugno (giocato similmente al tamburello)', 'balonzina', 'BB_01032026'),
    (81, 'lemma', 'balòs', 'agg', 'balordo, canaglia, briccone, maledetto, strambo, stravagante, tonto', 'balos', 'BB_01032026'),
    (82, 'lemma', 'balosàda', 'sf', 'azione poco corretta, brutto scherzo', 'balosada', 'BB_01032026'),
    (83, 'lemma', 'balòt', 'sm', 'sasso, pietra, ciottolo', 'balot', 'BB_01032026'),
    (84, 'lemma', 'balòta', 'sf', 'pallina, biglia', 'balota', 'BB_01032026'),
    (85, 'lemma', 'balòte', 'sfpl', '1. biglie, palline, gioco di ragazzi; 2. testicoli', 'balote', 'BB_01032026'),
    (86, 'locuzione', 'balòte (żugàr a le –)', 'loc', 'giocare con le biglie (palline di terracotta o di vetro)', 'balote (zugar a le –)', 'BB_01032026'),
    (87, 'lemma', 'balòtole', 'sf', 'pallottole, palle, palline (di carta, terracotta, pane, ecc.)', 'balotole', 'BB_01032026'),
    (88, 'lemma', 'balotón', 'sm', 'pallina di acciaio, o la più grossa delle altre al gioco delle biglie', 'baloton', 'BB_01032026'),
    (89, 'lemma', 'bàlsem', 'sm', 'balsamo, fig. linimento, conforto', 'balsem', 'BB_01032026'),
    (90, 'lemma', 'balzàn', 'agg', 'balzano, estroso, stravagante - anche: strampalà', 'balzan', 'BB_01032026'),
    (91, 'lemma', 'bambìn (ma –)', 'escl', 'interiezione come: perbacco, caspita, accidenti', 'bambin (ma –)', 'BB_01032026'),
    (92, 'lemma', 'bambinàto', 'escl', 'interiezione come per la miseria', 'bambinato', 'BB_01032026'),
    (93, 'lemma', 'bambinèl', 'sm', 'bambinello (Gesù bambino)', 'bambinel', 'BB_01032026'),
    (94, 'lemma', 'bambòcio', 'sm', 'bamboccio, bambolotto, pupazzo, sempliciotto - anche: bambòz', 'bambocio', 'BB_01032026'),
    (95, 'lemma', 'bambolòt', 'sm', 'bambolotto, bamboccio, pupazzo, burattino', 'bambolot', 'BB_01032026'),
    (96, 'lemma', 'bamboṡèl', 'sm', 'polpaccio', 'bambosel', 'BB_01032026'),
    (97, 'lemma', 'bampa', 'sf', 'fiammata improvvisa, vampata, caldana; anche: vampa', 'bampa', 'BB_01032026'),
    (98, 'locuzione', 'bampa (te sei en –)', 'loc', 'sei focoso, sei irruente, sei passionale, sei impulsivo', 'bampa (te sei en –)', 'BB_01032026'),
    (99, 'lemma', 'banca', 'sf', '1. panca, sedile, banca, banco; 2. istituto di credito', 'banca', 'BB_01032026'),
    (100, 'locuzione', 'banca (na – de légna)', 'loc', 'una catasta di legna, un mucchio di legna, una notevole quantità di legna', 'banca (na – de legna)', 'BB_01032026'),
    (101, 'lemma', 'bancàl', 'sm', 'attrezzo a punta usato per forare la roccia con punta a rosa - anche: pizpor', 'bancal', 'BB_01032026'),
    (102, 'lemma', 'banch', 'sm', 'banco, panca, scrittoio', 'banch', 'BB_01032026'),
    (103, 'lemma', 'banchér', 'sm', 'banchiere', 'bancher', 'BB_01032026'),
    (104, 'lemma', 'banchét', 'sm', 'bancarella, panchetto, banchetto, convivio, cena', 'banchet', 'BB_01032026'),
    (105, 'lemma', 'banchéta', 'sf', 'panca, panchina, panchetta', 'bancheta', 'BB_01032026'),
    (106, 'lemma', 'banchéti', 'smpl', 'bancarelle dei mercati, piccole panche', 'bancheti', 'BB_01032026'),
    (107, 'locuzione', 'banchéti (nar sui –)', 'loc', 'andare alle bancarelle dai venditori ambulanti', 'bancheti (nar sui –)', 'BB_01032026'),
    (108, 'lemma', 'bancón', 'sm', 'bancone, pancone', 'bancon', 'BB_01032026'),
    (109, 'lemma', 'banda', 'sf', '1. banda, gruppo di suonatori, combriccola; 2. lamiera, latta; 3. parte, zona, direzione, lato', 'banda', 'BB_01032026'),
    (110, 'locuzione', 'banda (l''è na – de matelòti)', 'loc', 'è una combriccola di ragazzini', 'banda', 'BB_01032026'),
    (111, 'locuzione', 'banda (en coèrt fat de –)', 'loc', 'un coperto fatto di lamiera, un tetto fatto di latta', 'banda', 'BB_01032026'),
    (112, 'locuzione', 'banda (da – a –)', 'loc', 'da parte a parte, da una parte all''altra', 'banda (da – a –)', 'BB_01032026'),
    (113, 'locuzione', 'banda (da la – de Gardol)', 'loc', 'in direzione di Gardolo, verso Gardolo', 'banda (da la – de Gardol)', 'BB_01032026'),
    (114, 'locuzione', 'banda (da na –)', 'loc', 'da una parte, in disparte, in un posto', 'banda (da na –)', 'BB_01032026'),
    (115, 'locuzione', 'banda (tirete ''n –)', 'loc', 'fatti da parte, scansati, spostati', 'banda (tirete ''n –)', 'BB_01032026'),
    (116, 'locuzione', 'banda (vago da na –)', 'loc', 'vado in un posto, vado un luogo', 'banda (vago da na –)', 'BB_01032026'),
    (117, 'locuzione', 'banda (da l''altra – del mondo)', 'loc', 'dall''altra parte del mondo, in capo al mondo, senza meta', 'banda a l''altra (da –)', 'BB_01032026'),
    (118, 'lemma', 'bandàr', 'sm', 'lattoniere, stagnino, chi lavora la banda', 'bandar', 'BB_01032026'),
    (119, 'lemma', 'bandèla', 'sf', 'lamiera, lamierino', 'bandela', 'BB_01032026'),
    (120, 'lemma', 'bandéra', 'sf', '1. bandiera, stendardo; 2. voltagabbana, opportunista, traditore', 'bandera', 'BB_01032026'),
    (121, 'lemma', 'banderàl', 'sm', 'porta bandiera, alfiere', 'banderal', 'BB_01032026'),
    (122, 'lemma', 'bando', 'sm', 'punto di salvezza nel gioco a darsela: toccarsi e rincorrersi', 'bando', 'BB_01032026'),
    (123, 'lemma', 'bandón', 'sm', 'bidone di lamiera, fusto di latta, bidoncino, grande recipiente di latta per diversi usi', 'bandon', 'BB_01032026'),
    (124, 'lemma', 'bandus', 'sm', 'tregua, sospensione del gioco, interruzione nei giochi da cortile', 'bandus', 'BB_01032026'),
    (125, 'lemma', 'bao', 'sm', 'bruco, insetto, coleottero, baco, voce per spaventare i bambini', 'bao', 'BB_01032026'),
    (126, 'locuzione', 'bao (– de la farina )', 'loc', 'larva della farina, tignola, tarma', 'bao (– de la farina )', 'BB_01032026'),
    (127, 'locuzione', 'bao (far vegnir el –)', 'loc', 'far stizzire, far stufare, far infastidire, irritare, provocare il voltastomaco', 'bao (far vegnir el –)', 'BB_01032026'),
    (128, 'locuzione', 'bao (l''è del –)', 'loc', 'è di nessuno, è inutile', 'bao (l''e del –)', 'BB_01032026'),
    (129, 'locuzione', 'bao (nó saverghen de –)', 'loc', 'ignorare, non saperne di qualcosa o non volerne sapere di qualcosa', 'bao (no saverghen de –)', 'BB_01032026'),
    (130, 'locuzione', 'bao del tabach', 'loc', 'cerambice del salice (insetto), odora di muschio, la mettevano nella tabacchiera', 'bao del tabach', 'BB_01032026'),
    (131, 'lemma', 'bao-baosète', 'escl', 'esclamazione per sbigottire i bambini', 'bao-bao sete te', 'BB_01032026'),
    (132, 'lemma', 'barabèco', 'sm', 'persona poco raccomandabile, spiritello pauroso', 'barabeco', 'BB_01032026'),
    (133, 'lemma', 'baracàr', 'vb', 'gozzovigliare, bisbocciare, far baldoria - anche: sbaracar', 'baracar', 'BB_01032026'),
    (134, 'lemma', 'baracón', 'sm', '1. baraccone 2. persona a cui piace mangiare, bere e divertirsi', 'baracon', 'BB_01032026'),
    (135, 'lemma', 'baramina', 'sf', 'attrezzo a punta usato per forare la roccia con punta a rosa - anche:pizpor', 'baramina', 'BB_01032026'),
    (136, 'lemma', 'barba', 'sm', '1. barba, pizzo; 2. zio scapolo; 3. lagna, noia, menata', 'barba', 'BB_01032026'),
    (137, 'locuzione', 'barba da béch', 'loc', 'actaea, pianta ranuncolacea purgativa ma assai velenosa', 'barba da bech', 'BB_01032026'),
    (138, 'locuzione', 'barba del frate', 'loc', 'tipo di insalata', 'barba del frate', 'BB_01032026'),
    (139, 'lemma', 'barbacagnàr', 'vb', 'rinforzare le case coi barbacani', 'barbacagnar', 'BB_01032026'),
    (140, 'lemma', 'barbacàn', 'sm', 'barbacane, rinforzo, contrafforte', 'barbacan', 'BB_01032026'),
    (141, 'lemma', 'barbér', 'sm', 'barbiere (da uomo)', 'barber', 'BB_01032026'),
    (142, 'lemma', 'barbìn', 'agg', 'barbino, meschino, difficile, nascosto, incomprensibile', 'barbin', 'BB_01032026'),
    (143, 'locuzione', 'barbina (fegura –)', 'loc', 'brutta figura, figura da scemo, figura meschina', 'barbina (fegura –)', 'BB_01032026'),
    (144, 'lemma', 'barbiṡe', 'sfpl', 'ballerino, danzatore - anche: balarin', 'barbise', 'BB_01032026'),
    (145, 'lemma', 'barbizòl', 'sm', 'mento, barbetta, pizzetto - anche: barbòz', 'barbizol', 'BB_01032026'),
    (146, 'lemma', 'barbón', 'sm', '1. barbone, mendicante, accattone; 2. buzzurro, cafone, zoticone - anche: baron del sol', 'barbon', 'BB_01032026'),
    (147, 'lemma', 'barbòz', 'sm', 'mento - anche: barbizòl', 'barboz', 'BB_01032026'),
    (148, 'lemma', 'barbustèl', 'sm', '1. pipistrello; 2. ragazzo imberbe, sbarbatello, nottambulo', 'barbustel', 'BB_01032026'),
    (149, 'lemma', 'barcèla', 'sf', '1. carretta, carrettino, macinino; 2. contenitore per la teleferica', 'barcela', 'BB_01032026'),
    (150, 'lemma', 'bardàr', 'vb', 'bardare, custodire', 'bardar', 'BB_01032026'),
    (151, 'lemma', 'bardasa', 'agg', '1. briccone, monello, birba; 2. donna di facili costumi', 'bardasa', 'BB_01032026'),
    (152, 'lemma', 'barèa', 'escl', 'espressione di disgusto, voce bambinesca per dire ''che schifo''', 'barea', 'BB_01032026'),
    (153, 'lemma', 'barèla', 'sf', 'barella, portantina, bussola', 'barela', 'BB_01032026'),
    (154, 'lemma', 'barelón', 'sm', 'sbarello, barroccio, usato nell’edilizia', 'barelon', 'BB_01032026'),
    (155, 'lemma', 'baréta', 'sf', 'berretto, berretta, coppola', 'bareta', 'BB_01032026'),
    (156, 'lemma', 'baréta da prèt', 'sf', 'evonimo (pianta medicinale)', 'bareta da pret', 'BB_01032026'),
    (157, 'lemma', 'baretàr', 'sm', 'berrettaio - anche: beretar', 'baretar', 'BB_01032026'),
    (158, 'lemma', 'baretèla', 'sf', 'berrettino - anche: baretìn', 'baretela', 'BB_01032026'),
    (159, 'lemma', 'bargio', 'agg', 'contadino rozzo, grossolano, indelicato, grezzo, bifolco, indelicato', 'bargio', 'BB_01032026'),
    (160, 'lemma', 'barìl', 'sm', '1. barile, botte, barilotto; 2. panzone, grassone, ciccione.', 'baril', 'BB_01032026'),
    (161, 'lemma', 'bariṡèl', 'sm', 'barilotto, bariletta, fiaschetta portata a tracolla; anche: barilòt, botesìn', 'barisel', 'BB_01032026'),
    (162, 'lemma', 'bariṡèla', 'sf', '1. irroratrice a mano per dare il verde­rame; 2. piccola botte', 'barisela', 'BB_01032026'),
    (163, 'lemma', 'barlusemàr', 'vb', '1. illuminare fortemente; 2. incantare', 'barlusemar', 'BB_01032026'),
    (164, 'lemma', 'barón del sól', 'sm', 'barboni, mendicanti, trasandato; lavoratore saltuario, squattrinati senza fissa dimora', 'baron del sol', 'BB_01032026'),
    (165, 'lemma', 'barufàr', 'vb', 'litigare, bisticciare, questionare', 'barufar', 'BB_01032026'),
    (166, 'lemma', 'barżeléta', 'sf', 'barzelletta, storiella', 'barzeleta', 'BB_01032026'),
    (167, 'lemma', 'bas', 'agg', 'basso', 'bas', 'BB_01032026'),
    (168, 'locuzione', 'bas (żó –)', 'loc', 'giù da basso, giù di sotto, al piano terra, accucciato', 'bas (zo –)', 'BB_01032026'),
    (169, 'lemma', 'baṡadòne', 'sm', 'venticello, brezzolina, brezza', 'basadone', 'BB_01032026'),
    (170, 'lemma', 'baṡamént', 'sm', '1. baciamento, sbaciucchiamento; 2. base, basamento, zoccolo.', 'basament', 'BB_01032026'),
    (171, 'lemma', 'baṡar', 'vb', '1. baciare; 2. basare', 'basar', 'BB_01032026'),
    (172, 'locuzione', 'baṡar ṡu', 'loc', 'sbaciucchiare, baciare', 'basar su', 'BB_01032026'),
    (173, 'locuzione', 'base (a le –)', 'loc', 'in pianura, giù lì', 'base (a le –)', 'BB_01032026'),
    (174, 'locuzione', 'base (żó per le –)', 'loc', 'giù per la pianura, giù di lì; anche: żó en le base, a le base', 'base (zo per le –)', 'BB_01032026'),
    (175, 'lemma', 'baṡélghi', 'smpl', 'gli abitanti di Baselga di Piné; soprannome: sórgi', 'baselghi', 'BB_01032026'),
    (176, 'lemma', 'baṡìn', 'sm', 'bacetto', 'basin', 'BB_01032026'),
    (177, 'lemma', 'baṡinaro', 'sm', 'venditore ambulante di basìni - basìni amari, amaretti', 'basinaro', 'BB_01032026'),
    (178, 'lemma', 'baṡini', 'smpl', 'biscotti casalinghi venduti nelle sagre', 'basini', 'BB_01032026'),
    (179, 'lemma', 'baso', 'sm', 'basso, baritono, profondo', 'baso', 'BB_01032026'),
    (180, 'lemma', 'baṡo', 'sm', 'bacio', 'baso', 'BB_01032026'),
    (181, 'lemma', 'basòt', 'agg', 'bassetto, alquanto basso', 'basot', 'BB_01032026'),
    (182, 'lemma', 'baṡòt', 'sm', 'bacetto, bacino', 'basot', 'BB_01032026'),
    (183, 'lemma', 'bastanza', 'avv', 'abbastanza, sufficiente', 'bastanza', 'BB_01032026'),
    (184, 'lemma', 'bastàrd', 'agg', 'bastardo, illegittimo, degenerato', 'bastard', 'BB_01032026'),
    (185, 'lemma', 'bastardarìa', 'sf', 'cosa senza capo ne coda, carognata, vigliaccata', 'bastardaria', 'BB_01032026'),
    (186, 'lemma', 'bastimént', 'sm', 'bastimento, piroscafo', 'bastiment', 'BB_01032026'),
    (187, 'lemma', 'bata', 'sf', 'ovatta, cotone idrofilo; - anche: ovata', 'bata', 'BB_01032026'),
    (188, 'lemma', 'batàia', 'sf', 'battaglia, conflitto, confronto', 'bataia', 'BB_01032026'),
    (189, 'lemma', 'bataiàr', 'vb', 'battagliare', 'bataiar', 'BB_01032026'),
    (190, 'lemma', 'batalión', 'sm', 'battaglione, gruppo di persone', 'batalion', 'BB_01032026'),
    (191, 'lemma', 'batarìa', 'sf', 'mercanzia, suppellettili, cianfrusaglie, confusione di cose', 'bataria', 'BB_01032026'),
    (192, 'lemma', 'batedèl', 'sm', '1. battiporta, picchiotto; 2. chiavistello di legno usato nelle chiudende di campagna', 'batedel', 'BB_01032026'),
    (193, 'lemma', 'batèl', 'sm', 'battello, traghetto, imbarcazione', 'batel', 'BB_01032026'),
    (194, 'lemma', 'bàter', 'vb', 'bussare, battere, percuotere, picchiare, malmenare, trebbiare', 'bater', 'BB_01032026'),
    (195, 'locuzione', 'bàter brochéte', 'loc', 'battere i denti per il freddo', 'bater brochete', 'BB_01032026'),
    (196, 'locuzione', 'bàter el sól', 'loc', 'soleggiato, assolato, esposto al sole', 'bater el sol', 'BB_01032026'),
    (197, 'locuzione', 'bàter fòra', 'loc', 'tagliare, recidere, abbattere, ripulire', 'bater fora', 'BB_01032026'),
    (198, 'locuzione', 'bàter la luna', 'loc', 'lunatico, imprevedibile, immusonito', 'bater la luna', 'BB_01032026'),
    (199, 'locuzione', 'bàter su légna', 'loc', 'spaccare la legna.', 'bater su legna', 'BB_01032026'),
    (200, 'lemma', 'bàter żó', 'vb', 'abbattere, demolire, smantellare', 'bater zo', 'BB_01032026'),
    (201, 'locuzione', 'bàteri (dai –)', 'loc', 'nel tempo della trebbiatura', 'bateri (dai –)', 'BB_01032026'),
    (202, 'lemma', 'bateżàr', 'vb', '1. battezzare, bagnare; 2. dare un soprannome; 3. picchiare, dare botte', 'batezar', 'BB_01032026'),
    (203, 'lemma', 'batéżo', 'sm', 'battesimo, iniziazione', 'batezo', 'BB_01032026'),
    (204, 'lemma', 'baticòr', 'sm', 'batticuore, agitazione', 'baticor', 'BB_01032026'),
    (205, 'lemma', 'baticulàte', 'sm', 'marsina o frac', 'baticulate', 'BB_01032026'),
    (206, 'lemma', 'batidór', 'sm', '1. correggiato: attrezzo per la battitura dei cereali; 2. battitore in tutti i giochi e nei lavori', 'batidor', 'BB_01032026'),
    (207, 'lemma', 'batipani', 'sm', 'battipanni', 'batipani', 'BB_01032026'),
    (208, 'lemma', 'batòcio', 'sm', '1. battaglio, batacchio delle campane; 2. birbante, furbacchione', 'batocio', 'BB_01032026'),
    (209, 'lemma', 'batòcol', 'sm', 'batacchio (della campana)', 'batocol', 'BB_01032026'),
    (210, 'lemma', 'bàtola', 'sf', '1. ciarlone, parolaio, fanfarone; 2. battola, raganella (strumento di legno per fare un suono assordante); anche: ràtola, gràtola, grèga', 'batola', 'BB_01032026'),
    (211, 'locuzione', 'bàtola (gavér na –)', 'loc', 'avere una parlantina, essere un chiacchierone, avere una chiacchiera', 'batola (gaver na –)', 'BB_01032026'),
    (212, 'lemma', 'batolàr', 'vb', 'ciarlare a vanvera, fare pettegolezzi', 'batolar', 'BB_01032026'),
    (213, 'lemma', 'batolón', 'sm', 'chiacchierone, ficcanaso, un racconta tutto, non sa mantenere un segreto', 'batolon', 'BB_01032026'),
    (214, 'lemma', 'batuda', 'sf', 'stipite degli infissi', 'batuda', 'BB_01032026'),
    (215, 'lemma', 'baùco', 'agg', 'sciocco, tonto, grullo', 'bauco', 'BB_01032026'),
    (216, 'lemma', 'baùl', 'sm', 'baule, cassettone', 'baul', 'BB_01032026'),
    (217, 'lemma', 'bava', 'sf', '1. saliva; bava alla bocca; 2. freddo intenso, aria gelida 3. filo per pescare', 'bava', 'BB_01032026'),
    (218, 'lemma', 'bavaròl', 'sm', 'bavaglino, bavagliolo', 'bavarol', 'BB_01032026'),
    (219, 'lemma', 'baveṡèla', 'sf', 'brezza, venticello, arietta', 'bavesela', 'BB_01032026'),
    (220, 'lemma', 'bavét', 'sm', 'piccolo insetto.', 'bavet', 'BB_01032026'),
    (221, 'lemma', 'baża', 'sf', 'bazza, fortuna, buona sorte, culo, abbondanza, occasione', 'baza', 'BB_01032026'),
    (222, 'locuzione', 'baża (gavér na – )', 'loc', 'avere una fortuna sfacciata', 'baza (gaver na – )', 'BB_01032026'),
    (223, 'locuzione', 'baża (mai vist ''na – compagna)', 'loc', 'mai visto una fortuna simile, mai vista un''abbondanza così copiosa', 'baza (mai vist ''na – compagna)', 'BB_01032026'),
    (224, 'lemma', 'bażana', 'sf', 'fagiolo da sgranare, baccello', 'bazana', 'BB_01032026'),
    (225, 'lemma', 'bażanèla', 'sf', 'fagiolino verde', 'bazanela', 'BB_01032026'),
    (226, 'lemma', 'bażari', 'smpl', 'empori, negozi con molti articoli', 'bazari', 'BB_01032026'),
    (227, 'locuzione', 'bażari (cosa èlo sti –)', 'loc', 'cosa è questa confusione, cosa succede qui', 'bazari (cosa elo sti –)', 'BB_01032026'),
    (228, 'locuzione', 'bażari (nar fòr dei –)', 'loc', 'andare sulle furia', 'bazari (nar for dei –)', 'BB_01032026'),
    (229, 'locuzione', 'bażari (nar fòr dei –)', 'loc', 'andare in fretta e furia', 'bazari (nar for dei –)', 'BB_01032026'),
    (230, 'locuzione', 'bażari (nó ghè – che tegna)', 'loc', 'non c''è niente da fare, l''affare non si conclude', 'bazari (no ghe – che tegna)', 'BB_01032026'),
    (231, 'lemma', 'bàzega', 'sf', 'bagatella, bazzecola, qualunque oggetto in senso spregiativo - anche: sbazega', 'bazega', 'BB_01032026'),
    (232, 'lemma', 'bazicàr', 'vb', 'bazzicare, frequentare, praticare', 'bazicar', 'BB_01032026'),
    (233, 'lemma', 'bazilòli', 'sm', 'a cavalluccio', 'baziloli', 'BB_01032026'),
    (234, 'lemma', 'bazilón', 'sm', 'arcuccio, bicollo: asta di legno ricurva con tacche alle estremità per portare due secchi', 'bazilon', 'BB_01032026'),
    (235, 'lemma', 'bazina', 'sf', 'bacile, teglia, tegame di rame stagnato, tortiera senza manico', 'bazina', 'BB_01032026'),
    (236, 'lemma', 'bażo', 'sm', 'vizzo dei legumi', 'bazo', 'BB_01032026'),
    (237, 'lemma', 'bazón', 'sm', 'bigonciolo, piccola mastella con manico per travasare i liquidi - anche: stòz', 'bazon', 'BB_01032026'),
    (238, 'lemma', 'bebèl', 'sm', 'balocco, giocattolo', 'bebel', 'BB_01032026'),
    (239, 'lemma', 'becà', 'vb', 'beccato, colpito col becco, punto, ricevuto, ottenuto, sorpreso', 'beca', 'BB_01032026'),
    (240, 'lemma', 'béca', 'sf', '1. torta ordinaria, dolce casalingo a volte con uvetta e mele; 2. bisbetica, donna astiosa', 'beca', 'BB_01032026'),
    (241, 'locuzione', 'béca (l''è na ó de una –)', 'loc', 'è proprio una bisbetica', 'béca (l''è na ó de una –)', 'BB_01032026'),
    (242, 'locuzione', 'bèca (se ''l te –)', 'es', 'se ti prende, se ti acchiappa, se ti punge', 'beca (se ''l te –)', 'BB_01032026'),
    (243, 'lemma', 'becada', 'sf', 'beccata, colpo di becco; anche puntura d''insetto', 'becada', 'BB_01032026'),
    (244, 'lemma', 'becamòrti', 'sm', 'becchino, necroforo - fig. iettatore', 'becamorti', 'BB_01032026'),
    (245, 'lemma', 'becamùr', 'sm', 'picchio muraiolo', 'becamur', 'BB_01032026'),
    (246, 'lemma', 'becàr', 'sm', 'macellaio; fig. chirurgo incapace', 'becar', 'BB_01032026'),
    (247, 'lemma', 'becàr', 'vb', 'beccare, morsicare d''insetto, pungere, pizzicare, ricevere, acciuffare', 'becar', 'BB_01032026'),
    (248, 'locuzione', 'becàr via', 'loc', 'portare via, carpire', 'becar via', 'BB_01032026'),
    (249, 'lemma', 'becarìa', 'sf', 'macelleria', 'becaria', 'BB_01032026'),
    (250, 'lemma', 'becaza', 'sf', 'beccaccia', 'becaza', 'BB_01032026'),
    (251, 'lemma', 'becazòche', 'sm', 'picchio verde', 'becazoche', 'BB_01032026'),
    (252, 'lemma', 'béch', 'sm', 'bécco, caprone, montone; anche: ciót, béco', 'bech', 'BB_01032026'),
    (253, 'lemma', 'bèch', 'sm', '1. becco degli uccelli; 2. tipo di pane allungato ''filone'' (baguette); 3. spigolo, punta, angolo, del fazzoletto o del lenzuolo', 'bech', 'BB_01032026'),
    (254, 'locuzione', 'béch (dur come ''n –)', 'loc', 'cocciuto, testa dura, irremovibile', 'bech (dur come ''n –)', 'BB_01032026'),
    (255, 'locuzione', 'bèch (méterghe el –)', 'loc', 'interloquire, intromettersi, ficcare il naso, metter bocca', 'bech (meterghe el –)', 'BB_01032026'),
    (256, 'locuzione', 'béch (nar al –)', 'loc', '1. capra che è in calore; 2. gli ortaggi quando vanno in semenza', 'bech (nar al –)', 'BB_01032026'),
    (257, 'locuzione', 'béch (spuzàr come ''n –)', 'loc', 'puzzare tremendamente, emanare un odoraccio', 'bech (spuzar come ''n –)', 'BB_01032026'),
    (258, 'locuzione', 'bèch a bèch', 'loc', 'a testa a testa, faccia a faccia, a quattrocchi', 'bech a bech', 'BB_01032026'),
    (259, 'lemma', 'bechenàr', 'vb', 'gioco con le uova: facendo picchiare le due punte (perde quello che si rompe)', 'bechenar', 'BB_01032026'),
    (260, 'lemma', 'bécherli', 'smpl', 'punteruoli, curculioni (coleottero)', 'becherli', 'BB_01032026'),
    (261, 'lemma', 'bechét', 'sm', '1. filoncino (panino dolce); 2. persona molto loquace, ficcanaso', 'bechet', 'BB_01032026'),
    (262, 'locuzione', 'bechét a l''ua', 'loc', 'filoncino con l''uvetta appassita', 'bechet a l''ua', 'BB_01032026'),
    (263, 'locuzione', 'bèchi (''l gà la luna a sète –)', 'loc', 'ha la luna di traverso', 'bechi (''l ga la luna a sete –)', 'BB_01032026'),
    (264, 'lemma', 'bechìn', 'sm', 'becchino, necroforo, beccamorti; anche: pizegòt', 'bechin', 'BB_01032026'),
    (265, 'lemma', 'béco', 'sm', 'becco, capro, cornuto, uomo tradito', 'beco', 'BB_01032026'),
    (266, 'lemma', 'becolàr', 'vb', 'beccottare, piluccare, beccare, mangiucchiare; anche: sbecolàr', 'becolar', 'BB_01032026'),
    (267, 'lemma', 'becón', 'sm', 'beccata, puntura d''insetto o di serpe, colpo di becco', 'becon', 'BB_01032026'),
    (268, 'lemma', 'bedól', 'sm', 'betulla', 'bedol', 'BB_01032026'),
    (269, 'lemma', 'Bedól', 'np', 'Bedollo, comune dell’altopiano di Piné', 'Bedol', 'BB_01032026'),
    (270, 'lemma', 'bédole', 'sfpl', 'betulle', 'bedole', 'BB_01032026'),
    (271, 'lemma', 'bèfa', 'sf', 'sberleffo, derisione, presa in giro, dileggio, boccone amaro, delusione', 'befa', 'BB_01032026'),
    (272, 'locuzione', 'bèfa (l''è sta ''na –)', 'es', 'è stata una beffa, ho avuto una delusione', 'befa (l''e sta ''na –)', 'BB_01032026'),
    (273, 'locuzione', 'bèfe (la me fa le –)', 'es', 'mi prende in giro, mi sbeffeggia', 'befe (la me fa le –)', 'BB_01032026'),
    (274, 'lemma', 'bèga', 'sf', 'lite, controversia, rissa, baruffa', 'bega', 'BB_01032026'),
    (275, 'lemma', 'begadór', 'sm', 'uomo litigioso.', 'begador', 'BB_01032026'),
    (276, 'lemma', 'beganate', 'sfpl', 'notte dei doni, regali dell''Epifania o al nuovo anno; anche: beghenàte', 'beganate', 'BB_01032026'),
    (277, 'lemma', 'begàr', 'vb', '1. bisticciare, litigare, azzuffarsi; 2. sgridare, rimproverare, redarguire', 'begar', 'BB_01032026'),
    (278, 'lemma', 'begaròl', 'sm', 'attaccabrighe, polemico, litigioso', 'begarol', 'BB_01032026'),
    (279, 'lemma', 'bèghe', 'sfpl', 'litigi, discussioni, rimproveri', 'beghe', 'BB_01032026'),
    (280, 'lemma', 'bèghel', 'sm', 'gufo, allocco, uccello notturno', 'beghel', 'BB_01032026'),
    (281, 'lemma', 'begón', 'sm', 'rissa, baruffa, zuffa, grosso litigio', 'begon', 'BB_01032026'),
    (282, 'locuzione', 'begón (far su ''n –)', 'loc', 'fare una grande litigata, un putiferio', 'begon (far su ''n –)', 'BB_01032026'),
    (283, 'locuzione', 'begón da òto', 'loc', 'grossa rissa, finimondo, baruffa', 'begon da oto', 'BB_01032026'),
    (284, 'lemma', 'bèl', 'agg', 'bello, attraente, piacevole, limpido, sereno', 'bel', 'BB_01032026'),
    (285, 'lemma', 'bèl', 'sm', 'fidanzato, moroso', 'bel', 'BB_01032026'),
    (286, 'locuzione', 'bèl aṡi (a –)', 'loc', 'piano piano, con comodità, momento opportuno', 'bel asi (a –)', 'BB_01032026'),
    (287, 'locuzione', 'bèl e bòn', 'loc', 'capace persino; aggiungerei un esempio', 'bel e bon', 'BB_01032026'),
    (288, 'locuzione', 'bèl òio (a –)', 'loc', 'a cavalcioni, a cavalluccio', 'bel oio (a –)', 'BB_01032026'),
    (289, 'lemma', 'bèla', 'sf', '1. morosa, fidanzata, innamorata; 2. finale, finalissima, spareggio', 'bela', 'BB_01032026'),
    (290, 'locuzione', 'bèla (– còpia)', 'loc', 'bella copia, stesura definitiva', 'bela (– copia)', 'BB_01032026'),
    (291, 'lemma', 'beladòna', 'sf', 'belladonna (pianta)', 'beladona', 'BB_01032026'),
    (292, 'locuzione', 'bèle (ale –)', 'loc', 'sotto mano, nelle vicinanze', 'bele (ale –)', 'BB_01032026'),
    (293, 'locuzione', 'bèle (nar drìo cole –)', 'loc', 'usare belle maniere, con molta pazienza', 'bele (nar drio cole –)', 'BB_01032026'),
    (294, 'locuzione', 'bèle (narghe ale –)', 'loc', 'andare a tiro, avvicinarsi sottomano, presentarsi', 'bele (narghe ale –)', 'BB_01032026'),
    (295, 'locuzione', 'bèle (vegnìr ale –)', 'loc', 'venire a tiro, venire a proposito', 'bele (vegnir ale –)', 'BB_01032026'),
    (296, 'lemma', 'belét', 'sm', 'belletto, rossetto, miscuglio farina gialla, aceto e sale per lucidare le pentole di rame', 'belet', 'BB_01032026'),
    (297, 'locuzione', 'belét (farghe el –)', 'loc', 'lucidare i ''rami'' di cucina col belét', 'belet (farghe el –)', 'BB_01032026'),
    (298, 'lemma', 'beléza', 'sf', 'bellezza, incanto, splendore', 'beleza', 'BB_01032026'),
    (299, 'lemma', 'belòio', 'sm', 'a cavalcioni, cavalluccio. Anche: bazilòli', 'beloio', 'BB_01032026'),
    (300, 'lemma', 'belòm', 'sm', 'bel uomo', 'belom', 'BB_01032026'),
    (301, 'lemma', 'bèn', 'sm', 'bene', 'ben', 'BB_01032026'),
    (302, 'lemma', 'bèn', 'avv', 'rafforzativo per dire es.: ben vero, ben bene, ben strano', 'ben', 'BB_01032026'),
    (303, 'locuzione', 'bèn (a –)', 'loc', 'così va bene, a posto', 'ben (a –)', 'BB_01032026'),
    (304, 'locuzione', 'bèn (el me –)', 'loc', 'il mio bene, il mio amore sotto bèn sm', 'ben (el me –)', 'BB_01032026'),
    (305, 'locuzione', 'bèn bèn (la va –)', 'loc', 'mi va bene, va in modo corretto, non c''è male', 'ben ben (la va –)', 'BB_01032026'),
    (306, 'locuzione', 'bèn bòn (l''è –)', 'loc', 'è proprio buono, è veramente capace, è dotato', 'ben bon (l''e –)', 'BB_01032026'),
    (307, 'locuzione', 'bèn bòn dólz', 'loc', 'ok, così va bene, tutto bene, tutto a posto', 'ben bon dolz', 'BB_01032026'),
    (308, 'lemma', 'bèna', 'sf', 'cestone di vimini, usato per trasportare carichi', 'bena', 'BB_01032026'),
    (309, 'lemma', 'benbinà', 'agg', 'combinato bene, ben messo, corrispondente, appropriato, ben assortito', 'benbina', 'BB_01032026'),
    (310, 'lemma', 'benedét', 'agg', 'benedetto, consacrato, protetto, atteso', 'benedet', 'BB_01032026'),
    (311, 'lemma', 'benedìr', 'vb', 'benedire, esser grato, dire bene', 'benedir', 'BB_01032026'),
    (312, 'lemma', 'benefizi', 'sm', 'beneficio, vantaggio, sollievo, lascito', 'benefizi', 'BB_01032026'),
    (313, 'lemma', 'benèl', 'sm', '1. culla, cesto che serve da culla; 2. piccola benna - Anche: minèla', 'benel', 'BB_01032026'),
    (314, 'lemma', 'bènfàto', 'agg', 'buono, bello, ben formato, bene! sta bene! è giusto!', 'benfato', 'BB_01032026'),
    (315, 'lemma', 'benón', 'avv', 'benone, molto bene, ottimamente, approvazione, assenso', 'benon', 'BB_01032026'),
    (316, 'lemma', 'bèntegnù', 'agg', 'ben custodito, ben coltivato, ben curato', 'bentegnu', 'BB_01032026'),
    (317, 'lemma', 'bènvegnù', 'agg', 'benvenuto, ben arrivato', 'benvegnu', 'BB_01032026'),
    (318, 'lemma', 'Bèpa', 'np', 'Giuseppa', 'Bepa', 'BB_01032026'),
    (319, 'lemma', 'bèpa', 'sf', 'grappa - anche: sgnapa', 'bepa', 'BB_01032026'),
    (320, 'lemma', 'Bèpi', 'np', 'Giuseppe', 'Bepi', 'BB_01032026'),
    (321, 'lemma', 'Bepina', 'np', 'Giuseppina', 'Bepina', 'BB_01032026'),
    (322, 'lemma', 'Bèpo', 'np', 'Giuseppe', 'Bepo', 'BB_01032026'),
    (323, 'lemma', 'berechìn', 'agg', 'birichino, vivace, furbetto', 'berechin', 'BB_01032026'),
    (324, 'lemma', 'bèrghen', 'sm', 'rumore, piagnisteo, lamentazione, lagna', 'berghen', 'BB_01032026'),
    (325, 'lemma', 'bergnìf', 'agg', 'furbo ma malizioso, scaltro - anche: bernìf', 'bergnif', 'BB_01032026'),
    (326, 'lemma', 'berlìchete', 'sm', 'demonio, diavolo', 'berlichete', 'BB_01032026'),
    (327, 'lemma', 'bèrta', 'sf', 'battipalo, macchina adoperata per frantumare rottami, per infiggere pali nel terreno, ecc.', 'berta', 'BB_01032026'),
    (328, 'locuzione', 'bèrta (tegnìr en –)', 'loc', 'tenere a bada, far star allegri', 'berta (tegnir en –)', 'BB_01032026'),
    (329, 'lemma', 'beṡevì', 'agg', 'senza sale, insipido, insulso, sciocco', 'besevi', 'BB_01032026'),
    (330, 'lemma', 'besolàr', 'vb', 'balbettare, tartagliare, farfugliare', 'besolar', 'BB_01032026'),
    (331, 'lemma', 'besolón', 'sm', 'balbuziente, tartaglione', 'besolon', 'BB_01032026'),
    (332, 'lemma', 'bespiàr', 'sm', '1. vespaio; 2. ascesso, tumore', 'bespiar', 'BB_01032026'),
    (333, 'lemma', 'bèspro', 'sm', 'vespro, vespero (funzione religiosa); anche: vèspro', 'bespro', 'BB_01032026'),
    (334, 'locuzione', 'bèspro (cantarghe el –)', 'loc', 'rimproverare, sgridare, ammonire, strapazzare', 'bespro (cantarghe el –)', 'BB_01032026'),
    (335, 'lemma', 'bestéma', 'sf', 'bestemmia - anche:bestiéma, biestéma, biastéma, siraca', 'bestema', 'BB_01032026'),
    (336, 'lemma', 'bestemàr', 'vb', 'bestemmiare - anche:bestiemàr, biestemàr, biastemàr, siracàr', 'bestemar', 'BB_01032026'),
    (337, 'locuzione', 'bestemàr (nó se ghe vede gnanca a –)', 'loc', 'non ci si vede neanche a bestemmiare; è buio fitto, è buio pesto, c''è oscurità assoluta', 'bestemar (no se ghe vede gnanca a –)', 'BB_01032026'),
    (338, 'locuzione', 'bestemàr come ’n turco', 'loc', 'bestemmiare spesso; ma, in effetti i turchi bestemmiano meno dei cristiani', 'bestemar come ’n turco', 'BB_01032026'),
    (339, 'lemma', 'bestiàm', 'sm', 'bestiame piccolo o grande', 'bestiam', 'BB_01032026'),
    (340, 'lemma', 'Bèta', 'np', 'forma breve di Elisabetta', 'Beta', 'BB_01032026'),
    (341, 'locuzione', 'Bèta da la léngua s''cèta', 'loc', 'persona spontanea, sincera, schietta, che non le manda a dire', 'Beta da la lengua s''ceta', 'BB_01032026'),
    (342, 'lemma', 'bétola', 'sf', 'bettola, taverna, locale malfamato', 'betola', 'BB_01032026'),
    (343, 'lemma', 'betònega', 'sf', 'donna (o uomo) linguacciuta, chiacchierona, pettegola', 'betonega', 'BB_01032026'),
    (344, 'lemma', 'betònega', 'sf', 'erba betonica: pianta medicinale e infestante', 'betonega', 'BB_01032026'),
    (345, 'lemma', 'betùm', 'sm', 'bitume asfalto, anche cemento armato - anche: petùm', 'betum', 'BB_01032026'),
    (346, 'lemma', 'bevadóra', 'sf', 'abbeveratoio', 'bevadora', 'BB_01032026'),
    (347, 'lemma', 'bevaròl', 'sm', 'beverino, piccolo abbeveratoio (vaschetta per l''acqua degli uccellini)', 'bevarol', 'BB_01032026'),
    (348, 'lemma', 'béver', 'vb', 'bere, sorseggiare, dissetarsi', 'bever', 'BB_01032026'),
    (349, 'locuzione', 'béver de cana', 'loc', 'bere dalla bottiglia, tracannare, trincare, sbevazzare', 'bever de cana', 'BB_01032026'),
    (350, 'locuzione', 'béver la garba', 'loc', 'irritarsi, stizzirsi', 'bever la garba', 'BB_01032026'),
    (351, 'lemma', 'beveràr', 'vb', 'abbeverare le bestie', 'beverar', 'BB_01032026'),
    (352, 'lemma', 'beverón', 'sm', '1. bevanda per gli animali; 2. bevanda calda per le persone, nutriente e curativa', 'beveron', 'BB_01032026'),
    (353, 'lemma', 'bevidór', 'sm', 'bevitore, beone.', 'bevidor', 'BB_01032026'),
    (354, 'lemma', 'beviròl', 'sm', 'beverino - anche: bevaròl', 'bevirol', 'BB_01032026'),
    (355, 'lemma', 'bevù', 'agg', 'alticcio, brillo, sbronzo', 'bevu', 'BB_01032026'),
    (356, 'lemma', 'béz', 'sm', 'antico soldo, danaro - anche: sbànzega', 'bez', 'BB_01032026'),
    (357, 'locuzione', 'béz (no’l val en –)', 'loc', 'non ha nessun valore', 'bez (no’l val en –)', 'BB_01032026'),
    (358, 'lemma', 'biànch', 'agg', 'bianco, candido, pallido, pulito, canuto', 'bianch', 'BB_01032026'),
    (359, 'locuzione', 'biànch come na straza', 'loc', 'bianco come uno stracco: pallidissimo, cadaverico, impressionante', 'bianch come na straza', 'BB_01032026'),
    (360, 'locuzione', 'biànch e rós come ''n póm', 'loc', 'bianco e rosso come una mela: ottimo stato di salute', 'bianch e ros come ''n pom', 'BB_01032026'),
    (361, 'lemma', 'biancheżàr', 'vb', 'albeggiare, farsi giorno - anche: sbianchezàr', 'bianchezar', 'BB_01032026'),
    (362, 'lemma', 'bianchìz', 'agg', 'bianchiccio, biancastro', 'bianchiz', 'BB_01032026'),
    (363, 'lemma', 'Biaṡi', 'np', 'Biagio', 'Biasi', 'BB_01032026'),
    (364, 'lemma_variant', 'Biaṡi fa nèt', 'loc', 'far piazza pulita (S. Biagio, 3 febbraio, la neve piano piano sparisce)', 'Biasi fa net', 'BB_01032026'),
    (365, 'lemma', 'biàva', 'sf', 'biada, avena', 'biava', 'BB_01032026'),
    (366, 'locuzione', 'biàva (dar la –)', 'loc', '1. dar la biada da mangiare; 2. fig. battere, sconfiggere, stravincere', 'biava (dar la –)', 'BB_01032026'),
    (367, 'lemma', 'biberól', 'sm', 'vinello; anche: bibiròl, biròlo', 'biberol', 'BB_01032026'),
    (368, 'lemma', 'bibiàr', 'vb', 'saperla lunga, circuire, ingannare', 'bibiar', 'BB_01032026'),
    (369, 'lemma', 'bibiròl', 'sm', 'vinello, secondo vino, vino leggero, bibita; anche: beviròl', 'bibirol', 'BB_01032026'),
    (370, 'lemma', 'bicér', 'sm', 'bicchiere; anche: bicéra, bichér, bichéra,', 'bicer', 'BB_01032026'),
    (371, 'lemma', 'biceròt', 'sm', 'bicchierino, bicchiere; anche: bicheròt, bicheròta', 'bicerot', 'BB_01032026'),
    (372, 'lemma', 'bici', 'sf', 'bicicletta', 'bici', 'BB_01032026'),
    (373, 'lemma', 'bici da mónt', 'sf', 'rampichino, mountain bike', 'bici da mont', 'BB_01032026'),
    (374, 'lemma', 'bicòca', 'sf', 'bicocca, stamberga, capanna', 'bicoca', 'BB_01032026'),
    (375, 'lemma', 'bidèl', 'sm', 'bidello', 'bidel', 'BB_01032026'),
    (376, 'lemma', 'bidolarìe', 'sfpl', 'cose strambe, cose stupide di nessun valore', 'bidolarie', 'BB_01032026'),
    (377, 'lemma', 'bidón', 'sm', '1. bidone, latta, fusto; 2. imbroglio, raggiro, fregatura', 'bidon', 'BB_01032026'),
    (378, 'lemma', 'bidonàro', 'sm', 'colui che tira i bidoni, imbroglione, truffatore', 'bidonaro', 'BB_01032026'),
    (379, 'lemma', 'biésta', 'sf', '1. zolla, piòta di terra, letame, ecc.; 2. incrostazione di sporco', 'biesta', 'BB_01032026'),
    (380, 'lemma', 'biéta', 'sf', 'bieta, costa, verdura a foglia larga', 'bieta', 'BB_01032026'),
    (381, 'lemma', 'bifólch', 'sm', 'bifolco, bovaro, villano, maleducato', 'bifolch', 'BB_01032026'),
    (382, 'lemma', 'biga', 'sf', '1. carro leggero a due ruote; 2. preimpasto che aiuta la lievitazione del pane', 'biga', 'BB_01032026'),
    (383, 'lemma', 'bigatìn', 'sm', 'larva della mosca carnaria, verme da pesca', 'bigatin', 'BB_01032026'),
    (384, 'lemma', 'bìgoi', 'smpl', 'spaghetti, vermicelli', 'bigoi', 'BB_01032026'),
    (385, 'lemma', 'bìgol', 'sm', '1. pene, fallo; 2. citrullo, minchione', 'bigol', 'BB_01032026'),
    (386, 'lemma', 'bigol', 'sm', 'persona imbranata, minchione, citrullo', 'bigol', 'BB_01032026'),
    (387, 'lemma', 'bigòt', 'sm', 'bigotto, baciapile', 'bigot', 'BB_01032026'),
    (388, 'lemma', 'bilanzér', 'sm', 'bilanciere', 'bilanzer', 'BB_01032026'),
    (389, 'lemma', 'biliét', 'sm', 'biglietto, scontrino', 'biliet', 'BB_01032026'),
    (390, 'lemma', 'bina', 'sf', '1. filare coltivato, solco, spazio fra solchi; 2. tipo di pane, in coppia', 'bina', 'BB_01032026'),
    (391, 'lemma', 'binà', 'agg', 'raccolto, preso su, colto, radunato, riunito', 'bina', 'BB_01032026'),
    (392, 'locuzione', 'binà (''ndó at – sta tós?)', 'es', 'dove ti sei preso questa tosse, cosa hai fatto per avere una tosse così?', 'bina (''ndo at – sta tos?)', 'BB_01032026'),
    (393, 'locuzione', 'binà (bèn –)', 'loc', 'bene assortito, bene acconciato, messo assieme', 'bina (ben –)', 'BB_01032026'),
    (394, 'locuzione', 'binà (mal –)', 'loc', 'mal messo, male accoppiato, male abbinato', 'bina (mal –)', 'BB_01032026'),
    (395, 'locuzione', 'bina de patate', 'loc', 'fila, riga seminata a patate.', 'bina de patate', 'BB_01032026'),
    (396, 'locuzione', 'bina molinèl', 'loc', 'filetto continuo al gioco della tria - anche: merlér', 'bina molinel', 'BB_01032026'),
    (397, 'lemma', 'binàr', 'vb', 'raccogliere, raccattare, radunare, cogliere, prender su; anche: goìr', 'binar', 'BB_01032026'),
    (398, 'locuzione', 'binàr a una', 'loc', 'radunare, riunire, convocare', 'binar a una', 'BB_01032026'),
    (399, 'locuzione', 'binàr ensèma', 'loc', 'raccogliere assieme, raggranellare, accumulare', 'binar ensema', 'BB_01032026'),
    (400, 'locuzione', 'binàr su tut', 'loc', 'raccogliere tutto, raccattare ogni cosa', 'binar su tut', 'BB_01032026'),
    (401, 'lemma', 'binaról', 'sm', 'attrezzo per tracciare e distanziare le bine.', 'binarol', 'BB_01032026'),
    (402, 'lemma', 'binda', 'sf', 'cricco, crick, martinetto.', 'binda', 'BB_01032026'),
    (403, 'lemma', 'bindèla', 'sf', 'sega elettrica verticale a nastro', 'bindela', 'BB_01032026'),
    (404, 'lemma', 'biónda', 'sf', 'bionda, ragazza bionda; sigaretta', 'bionda', 'BB_01032026'),
    (405, 'lemma', 'biondeżàr', 'vb', 'biondeggiare', 'biondezar', 'BB_01032026'),
    (406, 'lemma', 'bióndo', 'agg', 'biondo, dorato, sauro, fulvo', 'biondo', 'BB_01032026'),
    (407, 'locuzione', 'bióndo bastàrd', 'loc', 'biondastro, biondiccio, rossiccio', 'biondo bastard', 'BB_01032026'),
    (408, 'lemma', 'biót', 'agg', '1. senza companatico, schietto, asciutto, solo; 2. nudo, spogliato, senza nulla', 'biot', 'BB_01032026'),
    (409, 'locuzione', 'biót (pan –)', 'loc', 'pane solo, senza companatico, senza altro assieme', 'biot (pan –)', 'BB_01032026'),
    (410, 'lemma', 'bira', 'sf', 'birra', 'bira', 'BB_01032026'),
    (411, 'lemma', 'biri-biri', 'sm', 'richiamo per bestie - anche: zino', 'biri-biri', 'BB_01032026'),
    (412, 'lemma', 'birìn', 'sm', 'mezza birra, piccolo bicchiere di birra', 'birin', 'BB_01032026'),
    (413, 'lemma', 'biròc', 'sm', 'carrozzella a due ruote, barroccino, barroccio: per persone o per merci; qualsiasi mezzo di trasporto messo male', 'biroc', 'BB_01032026'),
    (414, 'lemma', 'biròldo', 'sm', 'gonzo, citrullo, zotico', 'biroldo', 'BB_01032026'),
    (415, 'lemma', 'biròlo', 'sm', 'vinello, vino scadente o annacquato', 'birolo', 'BB_01032026'),
    (416, 'lemma', 'bis', 'sm', 'biscia, serpente in genere, serpe, verme, lombrico, biscia, vipera', 'bis', 'BB_01032026'),
    (417, 'lemma', 'bisa', 'sf', 'biscia, serpente d''acqua', 'bisa', 'BB_01032026'),
    (418, 'lemma', 'bisà', 'agg', 'bacato (da un bruco), corrotto da un vermetto', 'bisa', 'BB_01032026'),
    (419, 'lemma', 'bisabòa', 'sf', 'serpentino, serpeggiando, tortuosamente, tutto curve', 'bisaboa', 'BB_01032026'),
    (420, 'locuzione', 'bisabòa (a –)', 'loc', 'serpeggiando, tortuosamente, disonestamente', 'bisaboa (a –)', 'BB_01032026'),
    (421, 'lemma', 'bisàr', 'vb', 'scolmare, dissodare, rompitura le zolle di terra - anche: dar terra', 'bisar', 'BB_01032026'),
    (422, 'lemma', 'biscòt', 'sm', 'biscotto, pane a fette cotto due volte', 'biscot', 'BB_01032026'),
    (423, 'lemma', 'biṡegàr', 'vb', 'frugare, far qualche lavoruccio, fare lavoretti; anche: bisegàr', 'bisegar', 'BB_01032026'),
    (424, 'lemma', 'biṡègol', 'sm', 'bisegolo, lisciapiante, arnese da calzolaio per la levigare', 'bisegol', 'BB_01032026'),
    (425, 'lemma', 'biṡél', 'agg', 'bigio, grigiastro, tempo nebbioso, di colore incerto', 'bisel', 'BB_01032026'),
    (426, 'lemma', 'biṡèrdola', 'sf', 'lucertola - anche: lùserdola, iṡèrdola', 'biserdola', 'BB_01032026'),
    (427, 'lemma', 'biṡèst', 'sm', 'bisesto, bisestile - anche: biṡestìl', 'bisest', 'BB_01032026'),
    (428, 'lemma', 'biṡi', 'sfpl', 'piselli', 'bisi', 'BB_01032026'),
    (429, 'lemma', 'biṡibili', 'sm', 'visibilio, meraviglia, scompiglio, confusione', 'bisibili', 'BB_01032026'),
    (430, 'lemma', 'biṡlónch', 'agg', 'bislungo, ellittico, ovoidale - anche: bislóng', 'bislonch', 'BB_01032026'),
    (431, 'lemma', 'bisnòno', 'sm', 'bisnonno, bisavolo', 'bisnono', 'BB_01032026'),
    (432, 'lemma', 'bisògn', 'sm', 'bisogno, bisogna', 'bisogn', 'BB_01032026'),
    (433, 'lemma', 'biṡognós', 'agg', 'bisognoso, indigente, gracile', 'bisognos', 'BB_01032026'),
    (434, 'lemma', 'bisòl', 'sm', 'vermetto, bigattino, lombrico, punteruolo dell''uva, vermicello.', 'bisol', 'BB_01032026'),
    (435, 'lemma', 'bisòl dela tera', 'sm', 'lombrico', 'bisol dela tera', 'BB_01032026'),
    (436, 'lemma', 'bisolà', 'vb', 'pieno di vermetti', 'bisola', 'BB_01032026'),
    (437, 'lemma', 'bisolarse', 'vb', 'bacarsi, guastarsi per opera di bachi, detto di frutta, formaggi, ecc.; anche: bisolàrse', 'bisolarse', 'BB_01032026'),
    (438, 'lemma', 'bisón', 'sm', 'biscione, serpentone', 'bison', 'BB_01032026'),
    (439, 'lemma', 'biṡónt', 'agg', 'bisunto, sudicio, lercio.', 'bisont', 'BB_01032026'),
    (440, 'lemma', 'bist!', 'escl', 'voce dei boari ai buoi per dirigerli a sinistra, ot, invece, per destra', 'bist!', 'BB_01032026'),
    (441, 'lemma', 'bituarse', 'vb', 'abituarsi', 'bituarse', 'BB_01032026'),
    (442, 'lemma', 'bivacàr', 'vb', 'bivaccare', 'bivacar', 'BB_01032026'),
    (443, 'lemma', 'biżarìa', 'sf', 'bizzarria, stravaganza, stranezza', 'bizaria', 'BB_01032026'),
    (444, 'lemma', 'biżaro', 'agg', 'bizzarro, bislacco, stravagante', 'bizaro', 'BB_01032026'),
    (445, 'lemma', 'blaga', 'sm', 'persona vanitosa; gradasso, spaccone, sbruffone; chi vanta ed ostenta lusso ed eleganza', 'blaga', 'BB_01032026'),
    (446, 'locuzione', 'blaga (el me par ’n po’ –)', 'es', 'mi sembra uno spaccone', 'blaga (el me par ’n po’ –)', 'BB_01032026'),
    (447, 'lemma', 'blagón', 'sm', 'persona piena di sé; bullo, gradasso', 'blagon', 'BB_01032026'),
    (448, 'lemma', 'blateràr', 'vb', 'farneticare, parlare a vanvera, straparlare, vaneggiare', 'blaterar', 'BB_01032026'),
    (449, 'lemma', 'blocàr', 'vb', 'bloccare, fermare, bocciare', 'blocar', 'BB_01032026'),
    (450, 'lemma', 'bluṡéta', 'sf', 'camicetta per donna', 'bluseta', 'BB_01032026'),
    (451, 'lemma', 'bò', 'sm', 'bue, bove', 'bo', 'BB_01032026'),
    (452, 'locuzione', 'bò (dir dré de – e de vaca)', 'loc', 'prendere a parolacce, malignare, spettegolare, tagliare i panni addosso a', 'bo (dir dre de – e de vaca)', 'BB_01032026'),
    (453, 'lemma', 'boarina', 'sf', 'cutrettola (uccello che spesso segue i buoi)', 'boarina', 'BB_01032026'),
    (454, 'lemma', 'boàro', 'sm', 'bovaro, mandriano; fig. rozzo - anche: boàr', 'boaro', 'BB_01032026'),
    (455, 'lemma', 'boàza', 'sf', 'bovina, buina, sterco dei bovini', 'boaza', 'BB_01032026'),
    (456, 'lemma', 'bobardàr', 'vb', 'bombardare', 'bobardar', 'BB_01032026'),
    (457, 'lemma', 'bobò', 'sm', 'bue (bambinesco)', 'bobo', 'BB_01032026'),
    (458, 'lemma', 'bobòda', 'sf', 'mucca, vacca (bambinesco)', 'boboda', 'BB_01032026'),
    (459, 'lemma', 'bóca', 'sf', 'bocca', 'boca', 'BB_01032026'),
    (460, 'lemma', 'bóca', 'sf', 'sella, valico, forcella', 'boca', 'BB_01032026'),
    (461, 'locuzione', 'bóca de león', 'loc', 'bocca di leone (fiore)', 'boca de leon', 'BB_01032026'),
    (462, 'lemma', 'bocada', 'sf', 'boccata, boccone, sorso, tiro', 'bocada', 'BB_01032026'),
    (463, 'locuzione', 'bocài (tèra da –)', 'loc', 'cimitero, terra del cimitero, ''terra per pitali''', 'bocai (tera da –)', 'BB_01032026'),
    (464, 'lemma', 'bocàl', 'sm', '1. boccale, grosso bicchiere, vaso di terracotta per bere; 2. vaso da notte.', 'bocal', 'BB_01032026'),
    (465, 'lemma', 'bocàl dal pis', 'sm', 'orinale, vaso da notte', 'bocal dal pis', 'BB_01032026'),
    (466, 'lemma', 'bocalón', 'sm', 'credulone, gonzo, ingenuo, sprovveduto', 'bocalon', 'BB_01032026'),
    (467, 'lemma', 'bocara', 'sf', 'mezzule; porticina in fondo alla botte tanto larga che un uomo possa entrarvi per pulirla', 'bocara', 'BB_01032026'),
    (468, 'lemma', 'bocaròla', 'sf', 'herpes alla bocca, ragadi alle pieghe della bocca - anche: feverón', 'bocarola', 'BB_01032026'),
    (469, 'lemma', 'bocéta', 'sm', 'bambino, bimbo, fanciullo, ragazzino, moccioso', 'boceta', 'BB_01032026'),
    (470, 'lemma', 'bocéta', 'sf', 'boccetta, bottiglietta, ampolla - anche: bozéta', 'boceta', 'BB_01032026'),
    (471, 'lemma', 'bochér', 'sm', 'abbaino, botola, apertura nei sottotetti con o senza ribalta', 'bocher', 'BB_01032026'),
    (472, 'lemma', 'bochéta', 'sf', 'forcella, sella in montagna', 'bocheta', 'BB_01032026'),
    (473, 'lemma', 'bochìn', 'sm', 'bocchino: con filtro o senza per fumare le sigarette', 'bochin', 'BB_01032026'),
    (474, 'lemma', 'bochiròl', 'sm', 'beccuccio per annaffiatoi', 'bochirol', 'BB_01032026'),
    (475, 'lemma', 'bòcia', 'sm', '1. ragazzino, fanciullo, adolescente; 2. ragazzo, garzone, aiutante per piccoli lavori; 3. recluta degli alpini', 'bocia', 'BB_01032026'),
    (476, 'lemma', 'bòcia', 'sf', 'boccia, palla, vaso sferico', 'bocia', 'BB_01032026'),
    (477, 'lemma', 'bociarìa', 'sf', 'insieme di ragazzacci, gruppo di giovincelli, gioventù; anche: matelàm', 'bociaria', 'BB_01032026'),
    (478, 'locuzione', 'bociarìa (s''èl sta –)', 'es', 'cosa sono tutti questi bambini (nel senso di rompiscatole)', 'bociaria (s''el sta –)', 'BB_01032026'),
    (479, 'lemma', 'bociaza', 'sm', 'ragazzino, ragazzotto, adolescente', 'bociaza', 'BB_01032026'),
    (480, 'lemma', 'bociazo', 'sm', 'ragazzo, giovincello, ragazzaccio', 'bociazo', 'BB_01032026'),
    (481, 'lemma', 'bocìn', 'sm', 'boccino, pallino biglia', 'bocin', 'BB_01032026'),
    (482, 'lemma', 'bòcol', 'sm', 'ricciolo, boccolo, tirabaci', 'bocol', 'BB_01032026'),
    (483, 'lemma', 'bocón', 'sm', 'boccone, morso', 'bocon', 'BB_01032026'),
    (484, 'lemma', 'boconzìn', 'sm', 'bocconcino, leccornia', 'boconzin', 'BB_01032026'),
    (485, 'lemma', 'bòfa', 'sf', 'bolla, vescica, rigonfi; anche: bufa', 'bofa', 'BB_01032026'),
    (486, 'lemma', 'bòfice', 'sm', 'culo, sedere, fortuna', 'bofice', 'BB_01032026'),
    (487, 'lemma', 'bói', 'sm', 'bollitura, bollore', 'boi', 'BB_01032026'),
    (488, 'locuzione', 'bói (basta en –)', 'loc', 'è sufficiente una bollita', 'boi (basta en –)', 'BB_01032026'),
    (489, 'locuzione', 'bòi (còpia de –)', 'es', 'coppia di buoi, pariglia', 'boi (copia de –)', 'BB_01032026'),
    (490, 'locuzione', 'bói (darghe en –)', 'loc', 'dagli una bollita, fallo bollire', 'boi (darghe en –)', 'BB_01032026'),
    (491, 'locuzione', 'bói (far el –)', 'loc', 'far fermentare (uva), lasciare riposare/maturare (mele, castagne, ecc.)', 'boi (far el –)', 'BB_01032026'),
    (492, 'lemma', 'bòia', 'sm', 'boia, giustiziere, canaglia', 'boia', 'BB_01032026'),
    (493, 'lemma', 'boiàca', 'sf', 'malta molto liquida', 'boiaca', 'BB_01032026'),
    (494, 'lemma', 'boiàda', 'sf', '1. grossa stupidaggine, bruttura, canagliata; 2. lavoro fatto male', 'boiada', 'BB_01032026'),
    (495, 'lemma', 'boidór', 'sm', '1. bollitore, bollivino, tinaia dove fermenta il graspato; 2. recipiente o posto molto caldo; 3. bollore', 'boidor', 'BB_01032026'),
    (496, 'locuzione', 'boidór (l''è tut en –)', 'loc', 'è un tutto in ebollizione, è in effervescenza, è proprio eccitato', 'boidor (l''e tut en –)', 'BB_01032026'),
    (497, 'lemma', 'boientón', 'sm', 'mistura bollente o altro sistema, per detergere le botti', 'boienton', 'BB_01032026'),
    (498, 'lemma', 'bóier', 'vb', 'bollire, fermentare - anche: boìr', 'boier', 'BB_01032026'),
    (499, 'lemma', 'boión', 'sm', '1. gorgo d''acqua, vortice; 2. bubbon, pateracchio al dito; giradito', 'boion', 'BB_01032026'),
    (500, 'lemma', 'boiór', 'sm', 'bollore, caldo eccessivo', 'boior', 'BB_01032026'),
    (501, 'lemma', 'boìr', 'vb', '1. bollire; 2. fermentare, del mosto che si trasforma in vino - anche: bóier', 'boir', 'BB_01032026'),
    (502, 'lemma', 'ból', 'sm', '1. bollo, francobollo, timbro, sigillo, marca da bollo; 2. pallini, pois, lividi', 'bol', 'BB_01032026'),
    (503, 'lemma', 'bolàr', 'vb', 'bollare, marcare, stampigliare', 'bolar', 'BB_01032026'),
    (504, 'lemma', 'boletìn', 'sm', '1. foglio informativo; 2. bollettino.', 'boletin', 'BB_01032026'),
    (505, 'lemma', 'bolognàr', 'vb', 'anche: sbolognar', 'bolognar', 'BB_01032026'),
    (506, 'lemma', 'bolognìn', 'sm', 'cubetto di porfido, sanpietrino', 'bolognin', 'BB_01032026'),
    (507, 'lemma', 'bólp', 'sf', 'volpe, fig. furbacchione', 'bolp', 'BB_01032026'),
    (508, 'lemma', 'bolpàt', 'sm', 'volpacchiotto, furbetto', 'bolpat', 'BB_01032026'),
    (509, 'lemma', 'bóls', 'agg', 'ansimante, bolso, boccheggiante', 'bols', 'BB_01032026'),
    (510, 'lemma', 'Bolżàn', 'np', 'Bolzano', 'Bolzan', 'BB_01032026'),
    (511, 'lemma', 'bolzón', 'sm', 'chiave della cassaforte', 'bolzon', 'BB_01032026'),
    (512, 'lemma', 'bombàs', 'sm', 'bambagia, cotone', 'bombas', 'BB_01032026'),
    (513, 'lemma', 'bombaṡina', 'sf', 'cotone misto lino', 'bombasina', 'BB_01032026'),
    (514, 'lemma', 'bombì', 'agg', 'pieno d''acqua, inzuppato', 'bombi', 'BB_01032026'),
    (515, 'lemma', 'bombìz', 'agg', 'inzuppato, intriso, fradicio, pieno d''acqua, inzuppato, imbevuto, paludoso', 'bombiz', 'BB_01032026'),
    (516, 'lemma', 'bòmbo', 'sm', 'caramella, confetto, dolcino, zuccherino, raffinatezza, chicca, squisitezza', 'bombo', 'BB_01032026'),
    (517, 'lemma', 'bombosèr', 'sm', 'acquitrino, , fontanile, infiltrazione d''acqua che geme dalla terra nei prati', 'bomboser', 'BB_01032026'),
    (518, 'lemma', 'bòn', 'agg', 'buono, onesto, di cuore, per bene', 'bon', 'BB_01032026'),
    (519, 'locuzione', 'bòn còr', 'loc', 'buon cuore, caritatevole', 'bon cor', 'BB_01032026'),
    (520, 'lemma', 'bòn!', 'escl', 'va bene, basta, abbastanza, affare fatto', 'bon!', 'BB_01032026'),
    (521, 'lemma', 'bòna', 'agg', 'detto di donna, molto bella, formosa e attraente, gnocca', 'bona', 'BB_01032026'),
    (522, 'locuzione', 'bòna (a la – de Dio)', 'loc', 'in qualche modo, alla meglio', 'bona (a la – de Dio)', 'BB_01032026'),
    (523, 'locuzione', 'bòna (a la –)', 'loc', 'alla buona, alla mano, fra di noi, come in famiglia, semplicemente', 'bona (a la –)', 'BB_01032026'),
    (524, 'locuzione', 'bòna (a la –)', 'loc', 'alla buona, alla mano, senza tanti fronzoli, amichevolmente', 'bona (a la –)', 'BB_01032026'),
    (525, 'locuzione', 'bòna (en –)', 'loc', 'in pace, in tranquillità, in armonia', 'bona (en –)', 'BB_01032026'),
    (526, 'locuzione', 'bòna (tegnirlo en –)', 'loc', 'tenerlo calmo, trattarlo con riguardo', 'bona (tegnirlo en –)', 'BB_01032026'),
    (527, 'locuzione', 'bòna nòte sonadóri', 'loc', 'buona notte suonatori, tutti a nanna; anche fig. ironico o esclamazione', 'bona note sonadori', 'BB_01032026'),
    (528, 'lemma', 'bòna!', 'loc', 'buon giorno, buona giornata, buon tutto', 'bona!', 'BB_01032026'),
    (529, 'lemma', 'bònagràzia', 'sf', 'palchetto per tendine', 'bonagrazia', 'BB_01032026'),
    (530, 'lemma', 'bònalàna', 'sm', 'fig. di birbante', 'bonalana', 'BB_01032026'),
    (531, 'lemma', 'bònamàn', 'sf', 'mancia, dono, mancia di capodanno, strenna', 'bonaman', 'BB_01032026'),
    (532, 'lemma', 'bonaza', 'sf', 'bonaccia, calma, piatta', 'bonaza', 'BB_01032026'),
    (533, 'lemma', 'bondì', 'sm', 'buondì, buongiorno, buona giornata', 'bondi', 'BB_01032026'),
    (534, 'lemma', 'bóndola', 'sf', 'mortadella; anche: mortadèla', 'bondola', 'BB_01032026'),
    (535, 'lemma', 'Bondón', 'np', 'Bondone, la montagna di Trento', 'Bondon', 'BB_01032026'),
    (536, 'lemma', 'bondonèri', 'smpl', 'abitanti, amanti o possessori di case per ferie sul monte Bondone', 'bondoneri', 'BB_01032026'),
    (537, 'lemma', 'bonèra', 'sm', 'bonaccione, persona indulgente, uomo buono in tutto e per tutto', 'bonera', 'BB_01032026'),
    (538, 'lemma', 'bonodór', 'sm', 'buon odore, profumo', 'bonodor', 'BB_01032026'),
    (539, 'lemma', 'bonòm', 'sm', 'buonuomo, onestuomo, galantuomo', 'bonom', 'BB_01032026'),
    (540, 'lemma', 'bonóra', 'sf', 'buon''ora, al mattino presto, mattina presto', 'bonora', 'BB_01032026'),
    (541, 'lemma', 'bonoriènt', 'agg', 'mattiniero, di buon mattino', 'bonorient', 'BB_01032026'),
    (542, 'locuzione', 'bonoriènta (a –)', 'loc', 'frugare, far qualche lavoruccio, fare lavoretti; anche: biṡegàr', 'bonorienta (a –)', 'BB_01032026'),
    (543, 'lemma', 'bonorìf', 'agg', '1. mattutino, mattiniero; 2. frutta primaticcia - anche: bonorìvo', 'bonorif', 'BB_01032026'),
    (544, 'lemma', 'bontempón', 'sm', 'buontempone, allegrone, gaudente, burlone', 'bontempon', 'BB_01032026'),
    (545, 'lemma', 'bóra', 'sf', 'tronco, fusto d''albero tagliato', 'bora', 'BB_01032026'),
    (546, 'lemma', 'boracia', 'sf', 'borraccia, fiaschetta', 'boracia', 'BB_01032026'),
    (547, 'lemma', 'bordèl', 'sm', 'bordello, chiasso, baccano, gazzarra', 'bordel', 'BB_01032026'),
    (548, 'lemma', 'bordón', 'sm', 'bordone, bastone ricurvo da pellegrino; strumento per suoni gravi', 'bordon', 'BB_01032026'),
    (549, 'lemma', 'borèl', 'sm', 'tronchetto, ciocco, fusto tagliato', 'borel', 'BB_01032026'),
    (550, 'lemma', 'borìn', 'sm', 'pallino, boccino (gioco delle bocce) - anche: bocìn', 'borin', 'BB_01032026'),
    (551, 'lemma', 'borón', 'sm', 'cocchiume, zaffo della botte', 'boron', 'BB_01032026'),
    (552, 'lemma', 'bórtol', 'sm', 'sedere, deretano, culo', 'bortol', 'BB_01032026'),
    (553, 'locuzione', 'bórtol (smacàr el –)', 'loc', 'sculacciare, picchiare sul sedere', 'bortol (smacar el –)', 'BB_01032026'),
    (554, 'lemma', 'boscàt', 'sm', 'boschetto', 'boscat', 'BB_01032026'),
    (555, 'lemma', 'bósch', 'sm', 'bosco, boscaglia, macchia', 'bosch', 'BB_01032026'),
    (556, 'lemma', 'boschér', 'sm', 'boscaiolo, tagliaboschi, addetto ai tronchi - anche: boscaròl', 'boscher', 'BB_01032026'),
    (557, 'lemma', 'bosegàr', 'vb', 'tossire - anche: sbosegàr', 'bosegar', 'BB_01032026'),
    (558, 'lemma', 'boṡìa', 'sf', 'bugia, falsità, frottola, menzogna; truciolo (di legno)', 'bosia', 'BB_01032026'),
    (559, 'lemma', 'boṡiàdro', 'agg', 'bugiardo, falso, ciarlatano', 'bosiadro', 'BB_01032026'),
    (560, 'lemma', 'bót', 'sf', 'botte, barile, tino', 'bot', 'BB_01032026'),
    (561, 'lemma', 'bòt', 'sm', 'botto, colpo, rintocco della campana', 'bot', 'BB_01032026'),
    (562, 'locuzione', 'bòt (de –)', 'loc', 'di colpo, tutto ad un tratto; anche:debòto', 'bot (de –)', 'BB_01032026'),
    (563, 'locuzione', 'bòt (de prim –)', 'loc', 'a prima vista, di colpo, di primo acchito', 'bot (de prim –)', 'BB_01032026'),
    (564, 'lemma', 'bòta', 'sf', 'botta, battuta, bastonata, colpo, legnata', 'bota', 'BB_01032026'),
    (565, 'locuzione', 'bòta (tegnirghe –)', 'loc', 'controbattere, tener testa, dargli contro, non farsi sottomettere', 'bota (tegnirghe –)', 'BB_01032026'),
    (566, 'lemma_variant', 'botànico', 'sm', 'botanico, erborista', 'botanico', 'BB_01032026'),
    (567, 'lemma', 'botàr', 'sm', 'bottaio', 'botar', 'BB_01032026'),
    (568, 'locuzione', 'bòte (na rata de –)', 'loc', 'un sacco di legnate, un sacco di botte', 'bote (na rata de –)', 'BB_01032026'),
    (569, 'lemma', 'botéga', 'sf', 'bottega, negozio, rivendita', 'botega', 'BB_01032026'),
    (570, 'lemma', 'boteghér', 'sm', 'bottegaio, negoziante, commerciante, esercente, venditore', 'botegher', 'BB_01032026'),
    (571, 'lemma', 'botér', 'sm', 'burro', 'boter', 'BB_01032026'),
    (572, 'lemma', 'boteṡèl', 'sm', 'botticino, botte piccola, botticella, botticina; anche: boteṡèla', 'botesel', 'BB_01032026'),
    (573, 'lemma', 'botesón', 'sm', 'la botte grande della cantina', 'boteson', 'BB_01032026'),
    (574, 'lemma', 'boteżàr', 'vb', 'rintoccare, suonare delle campane - anche: sbotezàr', 'botezar', 'BB_01032026'),
    (575, 'lemma', 'boteżàr', 'vb', 'fare il burro, burrificare - anche: caserar', 'botezar', 'BB_01032026'),
    (576, 'lemma', 'botinàr', 'vb', 'bottinare, raccogliere il nettare e il polline', 'botinar', 'BB_01032026'),
    (577, 'lemma', 'bòtola', 'sf', 'botola, tombino', 'botola', 'BB_01032026'),
    (578, 'lemma', 'botón', 'sm', 'bottone, pulsante, bocciolo', 'boton', 'BB_01032026'),
    (579, 'lemma', 'botón de la comare', 'sm', 'ombelico - anche: botón de la gùdaza', 'boton de la comare', 'BB_01032026'),
    (580, 'lemma', 'botonara', 'sf', 'bottoniera, allacciatura, pulsantiera', 'botonara', 'BB_01032026'),
    (581, 'lemma', 'bòza', 'sf', 'bottiglia; anche: botìlia', 'boza', 'BB_01032026'),
    (582, 'lemma', 'bozét', 'sm', 'bozzetto, schizzo, abbozzo', 'bozet', 'BB_01032026'),
    (583, 'lemma', 'bozéta', 'sf', 'boccettina, bottiglietta, ampolla; biberon', 'bozeta', 'BB_01032026'),
    (584, 'lemma', 'bozón', 'sm', 'bottiglione, fiasco', 'bozon', 'BB_01032026'),
    (585, 'lemma', 'braconiér', 'sm', 'bracconiere', 'braconier', 'BB_01032026'),
    (586, 'lemma', 'bragàld', 'sm', 'ovulo buono, amanita cesarea; anche: bragàldo', 'bragald', 'BB_01032026'),
    (587, 'lemma', 'bragaròl', 'sm', 'brachetta, toppa, patta, abbottonatura dei pantaloni; anche: botega', 'bragarol', 'BB_01032026'),
    (588, 'lemma', 'braghe', 'sfpl', 'pantaloni, calzoni', 'braghe', 'BB_01032026'),
    (589, 'locuzione', 'braghe (botéga de le –)', 'es', 'patta dei pantaloni - anche: bragaròl', 'braghe (botega de le –)', 'BB_01032026'),
    (590, 'locuzione', 'braghe a la żuàva', 'loc', 'pantaloni alla zuava, cioè alla moda degli zuavi', 'braghe a la zuava', 'BB_01032026'),
    (591, 'locuzione', 'braghe a zifolòt', 'loc', 'pantaloni molto stretti di gamba, che arrivavano al ginocchio', 'braghe a zifolot', 'BB_01032026'),
    (592, 'locuzione', 'braghe córte', 'loc', 'pantaloni corti', 'braghe corte', 'BB_01032026'),
    (593, 'locuzione', 'braghe de téla', 'loc', 'mutande, boxer, bermuda', 'braghe de tela', 'BB_01032026'),
    (594, 'locuzione', 'braghe de téla (èser en –)', 'loc', 'essere in mutande, non aver più nulla', 'braghe de tela (eser en –)', 'BB_01032026'),
    (595, 'locuzione', 'braghe lise', 'loc', 'pantaloni consumati', 'braghe lise', 'BB_01032026'),
    (596, 'locuzione', 'braghe lónghe', 'loc', 'pantaloni lunghi', 'braghe longhe', 'BB_01032026'),
    (597, 'locuzione', 'braghe repezade', 'loc', 'pantaloni rammendati', 'braghe repezade', 'BB_01032026'),
    (598, 'locuzione', 'braghe taconade', 'loc', 'pantaloni aggiustati male', 'braghe taconade', 'BB_01032026'),
    (599, 'locuzione', 'braghe taselade', 'loc', 'pantaloni con le toppe', 'braghe taselade', 'BB_01032026'),
    (600, 'locuzione', 'braghe tipo aqua alta', 'loc', 'pantaloni corti che mostrano i calzini', 'braghe tipo aqua alta', 'BB_01032026'),
    (601, 'lemma', 'braghéte', 'sfpl', 'pantaloncini, calzoncini', 'braghete', 'BB_01032026'),
    (602, 'locuzione', 'braghéte da nòdo', 'loc', 'costume da bagno, pantaloncini da bagno', 'braghete da nodo', 'BB_01032026'),
    (603, 'lemma', 'bragòte', 'sf', 'spreg. braghette, calzoncini', 'bragote', 'BB_01032026'),
    (604, 'lemma', 'brancada', 'sf', 'manata, quantità di cose afferrate con le mani', 'brancada', 'BB_01032026'),
    (605, 'lemma', 'brancàr', 'vb', 'brancare, pigliare, prendere, afferrare; anche: brincar', 'brancar', 'BB_01032026'),
    (606, 'lemma', 'brancol', 'sm', 'rebbio, ogni punta della forca o della forchetta', 'brancol', 'BB_01032026'),
    (607, 'lemma', 'brào', 'agg', 'bravo', 'brao', 'BB_01032026'),
    (608, 'locuzione', 'brào (da –)', 'loc', 'da bravo, stai bravo, ma va là, non rompere', 'brao (da –)', 'BB_01032026'),
    (609, 'locuzione', 'brào caro (da –)', 'loc', 'ma cosa dici, stai calmo, non dire fesserie', 'brao caro (da –)', 'BB_01032026'),
    (610, 'lemma', 'braṡa', 'sf', 'brace, tizzone ardente, carbone acceso', 'brasa', 'BB_01032026'),
    (611, 'locuzione', 'braṡa coèrta', 'loc', 'furbacchione, malizioso, acqua cheta - anche: braṡa scoèrta', 'brasa coerta', 'BB_01032026'),
    (612, 'lemma', 'brasca', 'sf', 'raspo dell''uva', 'brasca', 'BB_01032026'),
    (613, 'lemma', 'brascà', 'sm', 'uva pigiata, mosto, raspato, ammostato', 'brasca', 'BB_01032026'),
    (614, 'lemma', 'brasche', 'sfpl', 'vinacce', 'brasche', 'BB_01032026'),
    (615, 'lemma', 'braṡe', 'smpl', 'braci, tizzoni, fuoco senza fiamma, carboni ardenti', 'brase', 'BB_01032026'),
    (616, 'lemma', 'braṡér', 'sm', 'braciere', 'braser', 'BB_01032026'),
    (617, 'lemma', 'braṡòla', 'sf', 'braciola, costoletta', 'brasola', 'BB_01032026'),
    (618, 'lemma', 'braùra', 'sf', 'bravura, destrezza, maestria', 'braura', 'BB_01032026'),
    (619, 'lemma', 'braurada', 'sf', 'spacconata, azione spavalda, fanfaronata', 'braurada', 'BB_01032026'),
    (620, 'lemma', 'bravada', 'sf', 'bravata, braveria, spacconata, prodezza', 'bravada', 'BB_01032026'),
    (621, 'lemma', 'bravazo', 'sm', 'bravaccio, prepotente', 'bravazo', 'BB_01032026'),
    (622, 'lemma', 'braz', 'sm', 'braccio, bracciata, fascio', 'braz', 'BB_01032026'),
    (623, 'locuzione', 'braz a braz', 'loc', 'a braccetto, sottobraccio', 'braz a braz', 'BB_01032026'),
    (624, 'locuzione', 'braz de èrba', 'loc', 'fascio d''erba', 'braz de erba', 'BB_01032026'),
    (625, 'lemma', 'brazacòl', 'sm', 'abbracciare, gettare le braccia al collo, abbracciare strettamente', 'brazacol', 'BB_01032026'),
    (626, 'lemma', 'brazada', 'sf', 'abbracciata, abbraccio, bracciata (es. a nuoto)', 'brazada', 'BB_01032026'),
    (627, 'lemma', 'brazadèl', 'sm', 'ciambella dolce, pane intrecciato e zuccherato; anche salato: bretzél', 'brazadel', 'BB_01032026'),
    (628, 'lemma', 'brazàl', 'sm', 'bracciale', 'brazal', 'BB_01032026'),
    (629, 'lemma', 'brazalét', 'sm', 'braccialetto', 'brazalet', 'BB_01032026'),
    (630, 'lemma', 'brazàr', 'vb', 'abbracciare, cingere - anche: abrazàr, embrazàr', 'brazar', 'BB_01032026'),
    (631, 'lemma', 'brazòl', 'sm', 'bracciolo, appoggio per le braccia', 'brazol', 'BB_01032026'),
    (632, 'lemma', 'brazòt', 'sm', 'braccetto, piccolo braccio, braccino', 'brazot', 'BB_01032026'),
    (633, 'locuzione', 'brazòt córt', 'loc', 'avaro; chi non tira mai fuori il portafoglio ha il ''braccino'' corto', 'brazot cort', 'BB_01032026'),
    (634, 'lemma', 'bréga', 'sf', 'asse, stanga, tavola', 'brega', 'BB_01032026'),
    (635, 'lemma', 'brènta', 'sf', 'mastello, tinozza', 'brenta', 'BB_01032026'),
    (636, 'locuzione', 'brènta (ne ò magnà na –)', 'loc', 'ne ho mangiato tantissimo', 'brenta (ne o magna na –)', 'BB_01032026'),
    (637, 'lemma', 'brentana', 'sf', 'alluvione, allagamento', 'brentana', 'BB_01032026'),
    (638, 'lemma', 'brentèl', 'sm', 'recipiente di legno nel quale si metteva la carne sotto sale', 'brentel', 'BB_01032026'),
    (639, 'lemma', 'brentèla', 'sf', 'piccola brenta, piccolo mastello in legno, bigoncia', 'brentela', 'BB_01032026'),
    (640, 'lemma', 'brentón', 'sm', 'grande tinozza di legno, usata per scaricare il mosto', 'brenton', 'BB_01032026'),
    (641, 'lemma', 'brènz', 'sm', '1. le vasche della fontana; 2. recipiente di legno o di rame per l''acqua potabile', 'brenz', 'BB_01032026'),
    (642, 'lemma', 'brescàda', 'sf', 'manata, manciata', 'brescada', 'BB_01032026'),
    (643, 'lemma', 'bretèle', 'sfpl', 'bretella, spalline di indumenti - anche: spalàzi, tiràche', 'bretele', 'BB_01032026'),
    (644, 'lemma', 'brétzel', 'sm', 'ciambella salata, pane intrecciato e salato - anche dolce: bazadèl', 'bretzel', 'BB_01032026'),
    (645, 'lemma', 'brìa', 'sf', 'briglia, redine - anche: brilia', 'bria', 'BB_01032026'),
    (646, 'lemma', 'brìga', 'sf', 'pigrizia, fastidio, pena, peso, molestia', 'briga', 'BB_01032026'),
    (647, 'locuzione', 'brìga (gavér –)', 'loc', 'avere un incomodo, essere indolenti verso qualche cosa, non averne voglia', 'briga (gaver –)', 'BB_01032026'),
    (648, 'lemma', 'brigàr', 'vb', 'aver da fare, ingegnarsi, aver da dire', 'brigar', 'BB_01032026'),
    (649, 'locuzione', 'brigàr (seutàr a –)', 'loc', 'continuare a fare lavoretti, seguitare a darsi da fare', 'brigar (seutar a –)', 'BB_01032026'),
    (650, 'lemma', 'brighèla', 'sf', 'brighella, persona furba', 'brighela', 'BB_01032026'),
    (651, 'lemma', 'brigolàr', 'vb', 'fremere, palpitare, eccitare, dimenarsi come un verme', 'brigolar', 'BB_01032026'),
    (652, 'lemma', 'brigolón', 'agg', 'vivace, irrequieto, ansioso', 'brigolon', 'BB_01032026'),
    (653, 'lemma', 'brigolòt', 'sm', 'vermetto, baco', 'brigolot', 'BB_01032026'),
    (654, 'locuzione', 'brigolòti (pién de –)', 'loc', 'pieno di vermetti, bacato, brulicato', 'brigoloti (pien de –)', 'BB_01032026'),
    (655, 'lemma', 'brigós', 'agg', 'incomodo, seccante, laborioso', 'brigos', 'BB_01032026'),
    (656, 'lemma', 'brincàr', 'vb', 'abbrancare, afferrare, acciuffare, prendere, acchiappare; anche: brancar', 'brincar', 'BB_01032026'),
    (657, 'lemma', 'briṡa', 'sf', 'fungo boleto, porcino', 'brisa', 'BB_01032026'),
    (658, 'locuzione', 'briṡa mata', 'loc', 'fungo tossico, o velenoso o non commestibile', 'brisa mata', 'BB_01032026'),
    (659, 'lemma', 'briṡòt', 'sm', 'piccolo fungo porcino', 'brisot', 'BB_01032026'),
    (660, 'lemma', 'brò', 'sm', 'brodo, consommé', 'bro', 'BB_01032026'),
    (661, 'lemma', 'brò bruṡà', 'sm', 'farina bianca tostata col brodo, minestra di bianca fritta con burro e cipolla', 'bro brusa', 'BB_01032026'),
    (662, 'lemma', 'broàda', 'agg', 'bollita, sbollentata, scottata', 'broada', 'BB_01032026'),
    (663, 'lemma', 'brocà', 'sm', 'broccato', 'broca', 'BB_01032026'),
    (664, 'lemma', 'bròca', 'sf', '1. brocca; 2. chiodo a testa larga, bulletta da calzolaio', 'broca', 'BB_01032026'),
    (665, 'lemma', 'bròca da zapa', 'sf', 'chiodo per scarponi da montagna.', 'broca da zapa', 'BB_01032026'),
    (666, 'lemma', 'brocàr', 'sm', 'operaio nelle fabbrica delle brocche (chiodi)', 'brocar', 'BB_01032026'),
    (667, 'lemma', 'brochéta', 'sf', 'puntina da disegno, chiodino', 'brocheta', 'BB_01032026'),
    (668, 'lemma', 'brochéta', 'sm', 'chiodaiolo, chi fabbrica le broche o i chiodi', 'brocheta', 'BB_01032026'),
    (669, 'locuzione', 'brochéte (bater –)', 'loc', 'battere i denti dal freddo', 'brochete (bater –)', 'BB_01032026'),
    (670, 'lemma', 'bròcol', 'sm', 'broccolo, cavolfiore', 'brocol', 'BB_01032026'),
    (671, 'lemma', 'brocón', 'sm', 'erica (pianta)', 'brocon', 'BB_01032026'),
    (672, 'lemma', 'brocón', 'sm', 'grande chiodo per legno', 'brocon', 'BB_01032026'),
    (673, 'lemma', 'bròda', 'sf', 'brodo acquoso, brodaglia', 'broda', 'BB_01032026'),
    (674, 'lemma', 'bródech', 'agg', 'sporco, lercio, sudicio', 'brodech', 'BB_01032026'),
    (675, 'locuzione', 'bródega (la è –)', 'loc', 'è una cosa poco pulita, oppure rischiosa', 'brodega (la e –)', 'BB_01032026'),
    (676, 'lemma', 'brodegàr', 'vb', 'imbrattare, sporcare, sbrodolare', 'brodegar', 'BB_01032026'),
    (677, 'lemma', 'brodegarse', 'vb', 'macchiarsi, sporcarsi, imbrattarsi', 'brodegarse', 'BB_01032026'),
    (678, 'lemma', 'brodeghìṡia', 'sf', 'sudiceria, sporcizia, luridume', 'brodeghisia', 'BB_01032026'),
    (679, 'lemma', 'brodegón', 'sm', 'sbrodolone, sudicione, maialone, noncurante; fig. sparlatore - anche: sbrodegón', 'brodegon', 'BB_01032026'),
    (680, 'locuzione', 'bròdi lónghi', 'loc', 'chiacchiere inconcludenti, discorsi prolissi', 'brodi longhi', 'BB_01032026'),
    (681, 'locuzione', 'bròdo ( che –)', 'loc', 'che noia, uffa', 'brodo ( che –)', 'BB_01032026'),
    (682, 'lemma', 'broènt', 'agg', 'bollente, caldissimo che scotta - anche: brovènt', 'broent', 'BB_01032026'),
    (683, 'lemma', 'broentàr', 'vb', 'sbollentare, scottare', 'broentar', 'BB_01032026'),
    (684, 'lemma', 'brògia', 'sf', 'brina gelata', 'brogia', 'BB_01032026'),
    (685, 'lemma', 'bròldo', 'agg', 'smorto, brutta cera; emaciato', 'broldo', 'BB_01032026'),
    (686, 'lemma', 'brólo', 'sm', 'prato alberato e recintato, giardino, parco, broilo', 'brolo', 'BB_01032026'),
    (687, 'lemma', 'brontolamént', 'sm', 'brontolamento, borbottio', 'brontolament', 'BB_01032026'),
    (688, 'locuzione', 'brontolamént de budèle', 'loc', 'brontolio delle visceri, brontolamento delle budella', 'brontolament de budele', 'BB_01032026'),
    (689, 'lemma', 'brontolàr', 'vb', 'brontolare', 'brontolar', 'BB_01032026'),
    (690, 'lemma', 'bronżìn', 'sm', '1. piccola pentola di bronzo; 2. campanello di bronzo', 'bronzin', 'BB_01032026'),
    (691, 'lemma', 'brovada', 'agg', 'scottata, scottatura,', 'brovada', 'BB_01032026'),
    (692, 'lemma', 'brovàr', 'vb', 'sbollentare, scottare, bollire - anche: brovér, broar', 'brovar', 'BB_01032026'),
    (693, 'lemma', 'bròz', 'sm', 'carro a due ruote per trascinare la legna', 'broz', 'BB_01032026'),
    (694, 'lemma', 'bròz', 'sm', 'persona tracagnotta, tozza, pesante', 'broz', 'BB_01032026'),
    (695, 'lemma', 'brozaròl', 'sm', 'conducente del broz', 'brozarol', 'BB_01032026'),
    (696, 'lemma', 'brudo', 'agg', 'brullo, spoglio, squallido, desolato', 'brudo', 'BB_01032026'),
    (697, 'locuzione', 'brudo (nudo e –)', 'loc', 'senza nulla addosso, spoglio, arido', 'brudo (nudo e –)', 'BB_01032026'),
    (698, 'lemma', 'brufèl', 'sm', 'brufolo, foruncolo, pustola, bollicina - anche: brùfol, brufèle', 'brufel', 'BB_01032026'),
    (699, 'lemma', 'brugna', 'sf', 'prugna', 'brugna', 'BB_01032026'),
    (700, 'lemma', 'brugnàr', 'sm', 'prugno (pianta) - anche:brugnara', 'brugnar', 'BB_01032026'),
    (701, 'lemma', 'brugnòcola', 'sf', 'bitorzolo, bernoccolo, bozzo, ematoma', 'brugnocola', 'BB_01032026'),
    (702, 'lemma', 'brugnòl', 'sm', 'susina, prugnola (gialla o rossa)', 'brugnol', 'BB_01032026'),
    (703, 'lemma', 'brugnolàr', 'sm', 'prugnolo; pianta di prugne selvatiche', 'brugnolar', 'BB_01032026'),
    (704, 'lemma', 'bruma', 'sf', 'rugiada gelata, brina, brinata, foschia', 'bruma', 'BB_01032026'),
    (705, 'lemma', 'brumà', 'agg', 'brinato, gelato - anche: embrumà', 'bruma', 'BB_01032026'),
    (706, 'lemma', 'bruṡà', 'agg', 'bruciato', 'brusa', 'BB_01032026'),
    (707, 'lemma', 'bruṡacòr', 'sm', 'acidità di stomaco, bruciore di stomaco', 'brusacor', 'BB_01032026'),
    (708, 'lemma', 'bruṡadura', 'sf', 'bruciatura, ustione', 'brusadura', 'BB_01032026'),
    (709, 'lemma', 'bruṡàr', 'vb', 'bruciare, incendiare, ardere', 'brusar', 'BB_01032026'),
    (710, 'lemma', 'bruscàr', 'vb', 'scornare, tirar cornate (buoi, mucche)', 'bruscar', 'BB_01032026'),
    (711, 'lemma', 'brusche', 'sfpl', 'pezzetti di legno di diversa lunghezza, usati per tirare a sorte', 'brusche', 'BB_01032026'),
    (712, 'lemma', 'bruschìn', 'sm', 'bruschino, brusca, spazzola per pulire panni o animali', 'bruschin', 'BB_01032026'),
    (713, 'lemma', 'bruschinàr', 'vb', 'bruschinare, spazzolare, strigliare col bruschino', 'bruschinar', 'BB_01032026'),
    (714, 'lemma', 'bruscol', 'sm', 'bruscolo, pagliuzza, festuca', 'bruscol', 'BB_01032026'),
    (715, 'lemma', 'bruṡe', 'sf', 'soffia, (soffiar del fuoco), scotta', 'bruse', 'BB_01032026'),
    (716, 'lemma', 'brusèla', 'sf', 'brufolo, foruncolo, pustola (senza pus)', 'brusela', 'BB_01032026'),
    (717, 'locuzione', 'brusèle (pién de –)', 'loc', 'pieno di brufoli, con tante pustole', 'brusele (pien de –)', 'BB_01032026'),
    (718, 'lemma', 'bruṡór', 'sm', '1. bruciore, infiammazione, irritazione; 2. rodimento, umiliazione', 'brusor', 'BB_01032026'),
    (719, 'lemma', 'brusti', 'smpl', 'sanguinacci, boldoni - anche:baldonàz', 'brusti', 'BB_01032026'),
    (720, 'lemma', 'brustolà', 'agg', 'abbrustolito, bruciato, abbrustolito', 'brustola', 'BB_01032026'),
    (721, 'lemma', 'brustolàr', 'vb', 'abbrustolire, tostare, bruciacchiare', 'brustolar', 'BB_01032026'),
    (722, 'lemma', 'brustolìn', 'sm', 'farina bianca tostata per minestre, ecc.', 'brustolin', 'BB_01032026'),
    (723, 'locuzione', 'brustolìn (odor de –)', 'loc', 'odore di bruciaticcio; anche: odór de tacà żó', 'brustolin (odor de –)', 'BB_01032026'),
    (724, 'lemma', 'brustolón', 'sm', '1. sanguinaccio; 2. fig. pene', 'brustolon', 'BB_01032026'),
    (725, 'lemma', 'brut', 'agg', 'brutto, malfatto, nuvoloso', 'brut', 'BB_01032026'),
    (726, 'lemma', 'brut mal', 'sm', 'epilessia, mal caduto; anche: brutmal o mal brut', 'brut mal', 'BB_01032026'),
    (727, 'lemma', 'brutàt', 'agg', 'bruttarello', 'brutat', 'BB_01032026'),
    (728, 'lemma', 'brużer', 'vb', 'muggire lamentoso, mugghiare', 'bruzer', 'BB_01032026'),
    (729, 'lemma', 'bùa', 'sf', 'male, dolore (infantile)', 'bua', 'BB_01032026'),
    (730, 'lemma', 'budèl', 'sm', 'budello, intestino', 'budel', 'BB_01032026'),
    (731, 'lemma', 'budèle', 'sfpl', 'viscere, intestino, budella anche per insaccati', 'budele', 'BB_01032026'),
    (732, 'lemma', 'bufa', 'sf', 'vescicola, bolla, vescichetta', 'bufa', 'BB_01032026'),
    (733, 'locuzione', 'bufa ai pèi', 'es', 'vescicole ai piedi', 'bufa ai pei', 'BB_01032026'),
    (734, 'lemma', 'bufét', 'sm', 'buffetto', 'bufet', 'BB_01032026'),
    (735, 'lemma', 'bufón', 'sm', 'buffone, mattacchione, cialtrone', 'bufon', 'BB_01032026'),
    (736, 'lemma', 'bugada', 'sf', 'bucato, lavatura', 'bugada', 'BB_01032026'),
    (737, 'lemma', 'buganza', 'sf', 'gelone, pernione', 'buganza', 'BB_01032026'),
    (738, 'locuzione', 'buganze ai pèi', 'es', 'geloni ai piedi, arrossamenti o infiammazione dal freddo', 'buganze ai pei', 'BB_01032026'),
    (739, 'lemma', 'bugaròl', 'sm', 'ceneraccio, ceneracciolo; lenzuolo per contenere la cenere durante il bucato lisivaz', 'bugarol', 'BB_01032026'),
    (740, 'lemma', 'bugàt', 'sm', 'bigatto, verme, larva, bruco', 'bugat', 'BB_01032026'),
    (741, 'lemma', 'bugna', 'sf', 'ammaccatura, botta, ecchimosi', 'bugna', 'BB_01032026'),
    (742, 'lemma', 'bugna', 'sm', 'persona scontrosa, lunatica, testarda, cocciuta', 'bugna', 'BB_01032026'),
    (743, 'lemma', 'bula', 'sf', '1. pula, buccia del grano; 2. ragazza che tiene molto al suo aspetto esteriore.', 'bula', 'BB_01032026'),
    (744, 'lemma', 'bulada', 'sf', 'spacconata, smargiassata, bravata, azione spavalda', 'bulada', 'BB_01032026'),
    (745, 'lemma', 'bulazo', 'sm', 'spavaldo, baldanzoso, arrogante, ardito', 'bulazo', 'BB_01032026'),
    (746, 'lemma', 'bulo', 'sm', 'bullo, spavaldo, spaccone, gradasso', 'bulo', 'BB_01032026'),
    (747, 'lemma', 'buràr', 'vb', 'incornare, battersi a cornate (fra bestie)', 'burar', 'BB_01032026'),
    (748, 'lemma', 'buro', 'sm', 'burro - anche: botér', 'buro', 'BB_01032026'),
    (749, 'lemma', 'burón', 'sm', 'burrone, precipizio, gola', 'buron', 'BB_01032026'),
    (750, 'lemma', 'bus', 'sm', 'buco, foro, scavo', 'bus', 'BB_01032026'),
    (751, 'locuzione', 'bus (en de''n –)', 'loc', 'in un buco, dentro un buco, all''interno di buco', 'bus (en de''n –)', 'BB_01032026'),
    (752, 'locuzione', 'bus (pasàr per en – de n''ucia)', 'loc', 'cavarsela a stento, portare a casa la pelle', 'bus (pasar per en – de n''ucia)', 'BB_01032026'),
    (753, 'locuzione', 'bus (pèżo el tacón del –)', 'loc', 'peggio la correzione che lo stato originale', 'bus (pezo el tacon del –)', 'BB_01032026'),
    (754, 'locuzione', 'bus de af', 'loc', 'alveare, fig. moltitudine rumorosa e minacciosa', 'bus de af', 'BB_01032026'),
    (755, 'locuzione', 'bus de l''ucia', 'loc', 'cruna', 'bus de l''ucia', 'BB_01032026'),
    (756, 'lemma', 'buṡa', 'sf', 'buca, fossa, tana, incavatura', 'busa', 'BB_01032026'),
    (757, 'locuzione', 'buṡa de la grasa', 'loc', 'concimaia, letamaio', 'busa de la grasa', 'BB_01032026'),
    (758, 'locuzione', 'bùsa (méter en –)', 'loc', 'mettere i recipienti di legno nell''acqua perché si rassodino (botte, tino, secchia)', 'busa (meter en –)', 'BB_01032026'),
    (759, 'lemma', 'buṡaca', 'sf', 'bisaccia, sacca', 'busaca', 'BB_01032026'),
    (760, 'lemma', 'buṡàt', 'sm', 'buchetto, piccolo foro, pertugio, tana degli insetti', 'busat', 'BB_01032026'),
    (761, 'lemma', 'buṡata', 'sf', 'buchetta, tana degli insetti, fossetta del mento', 'busata', 'BB_01032026'),
    (762, 'lemma', 'buṡnàr', 'vb', 'ronzare delle api, fischiare delle orecchie, ronzare cercare di avvicinare una ragazza', 'busnar', 'BB_01032026'),
    (763, 'lemma', 'buṡnór', 'sm', 'ronzio, brusio (delle api)', 'busnor', 'BB_01032026'),
    (764, 'lemma', 'busòl', 'sm', 'piccolo mazzo di fiori - anche: pusòl', 'busol', 'BB_01032026'),
    (765, 'locuzione', 'buṡòl de af', 'loc', 'arnia', 'busol de af', 'BB_01032026'),
    (766, 'lemma', 'busolòt', 'sm', 'bussolotto, barattolo', 'busolot', 'BB_01032026'),
    (767, 'lemma', 'but', 'sm', 'getto, germoglio, gemma, pollone', 'but', 'BB_01032026'),
    (768, 'lemma', 'butada', 'sf', '1. spintone, buttata; 2. battuta, scherzo, ironia 3. grande ripresa di vegetazione', 'butada', 'BB_01032026'),
    (769, 'lemma', 'butàr', 'vb', '1. buttare, gettare, lanciare 2. spingere, crescere, zampillare, sorgere 3. spuntare, germogliare', 'butar', 'BB_01032026'),
    (770, 'locuzione', 'butàr ''n òcio', 'loc', 'dare un''occhiata, tenere d''occhio', 'butar ''n ocio', 'BB_01032026'),
    (771, 'locuzione', 'butàr (al – del sól)', 'loc', 'ai primi raggi del sole, al sorgere del sole', 'butar (al – del sol)', 'BB_01032026'),
    (772, 'locuzione', 'butàr a vòlt', 'loc', 'gettare a terra, atterrare', 'butar a volt', 'BB_01032026'),
    (773, 'locuzione', 'butàr da na banda', 'loc', 'buttare da qualche parte, togliere di mezzo, rimuovere, scostare', 'butar da na banda', 'BB_01032026'),
    (774, 'locuzione', 'butàr dént', 'loc', 'sfondare, irrompere', 'butar dent', 'BB_01032026'),
    (775, 'locuzione', 'butàr fòr', 'loc', 'estromettere, espellere, buttare fuori, mescere, scodellare', 'butar for', 'BB_01032026'),
    (776, 'locuzione', 'butàr fòr l''ànima', 'loc', 'mettercela tutta, dare il massimo', 'butar for l''anima', 'BB_01032026'),
    (777, 'locuzione', 'butar per aria', 'loc', 'buttare all''aria, mettere sottosopra, mettere a soqquadro, stravolgere', 'butar per aria', 'BB_01032026'),
    (778, 'locuzione', 'butàr per tèra', 'loc', 'gettare a terra, far cadere a terra', 'butar per tera', 'BB_01032026'),
    (779, 'locuzione', 'butàr su', 'loc', 'spingere verso alto, rimettere, vomitare, rigettare', 'butar su', 'BB_01032026'),
    (780, 'locuzione', 'butàr su chili', 'loc', 'ingrassare, metter su carne', 'butar su chili', 'BB_01032026'),
    (781, 'locuzione', 'butàr via', 'loc', 'buttare via, gettare, sprecare', 'butar via', 'BB_01032026'),
    (782, 'locuzione', 'butàr żó', 'loc', 'buttare giù, abbattere, subire, ingoiare, mandare giù', 'butar zo', 'BB_01032026'),
    (783, 'locuzione', 'butarse żó', 'loc', 'buttarsi giù, deprimersi, coricarsi, sdraiarsi, mettersi a letto', 'butarse zo', 'BB_01032026'),
    (784, 'locuzione', 'buti (l''ha apéna més i –)', 'loc', 'è germogliata da poco, ha appena messo i germogli', 'buti (l''ha apena mes i –)', 'BB_01032026'),
    (785, 'lemma', 'butòn', 'sm', 'spintone, spinta, raccomandazione, aiuto', 'buton', 'BB_01032026'),
    (786, 'lemma', 'bùżera', 'sf', 'fregatura, fandonia, baggianata, sproposito', 'buzera', 'BB_01032026'),
    (787, 'locuzione', 'bùżera (far nar żo la –)', 'loc', 'far perdere la pazienza', 'buzera (far nar zo la –)', 'BB_01032026'),
    (788, 'lemma', 'bużerada', 'sf', 'buggerata, bidone, inganno, imbroglio', 'buzerada', 'BB_01032026'),
    (789, 'lemma', 'bużeràr', 'vb', 'buggerare, gabbare, imbrogliare', 'buzerar', 'BB_01032026'),
    (790, 'lemma', 'bużerón', 'agg', 'scaltro, mariolo, imbroglione', 'buzeron', 'BB_01032026');

-- ------------------------------------------------------------
-- 5. VERIFICA RAPIDA (esegui dopo l'import)
-- ------------------------------------------------------------

SELECT sorgente, tipo, COUNT(*) AS n
FROM   voci_dizionario
GROUP  BY sorgente, tipo
ORDER  BY sorgente, tipo;

-- Risultato atteso:
-- AA_01032026 | lemma      | 373
-- AA_01032026 | locuzione  |  69
-- BB_01032026 | lemma      | 603
-- BB_01032026 | lemma_variant |  3
-- BB_01032026 | locuzione  | 184
